-- MySQL dump 10.13  Distrib 8.0.22, for Win64 (x86_64)
--
-- Host: localhost    Database: vk
-- ------------------------------------------------------
-- Server version	8.0.22

/*!40101 SET @OLD_CHARACTER_SET_CLIENT=@@CHARACTER_SET_CLIENT */;
/*!40101 SET @OLD_CHARACTER_SET_RESULTS=@@CHARACTER_SET_RESULTS */;
/*!40101 SET @OLD_COLLATION_CONNECTION=@@COLLATION_CONNECTION */;
/*!50503 SET NAMES utf8mb4 */;
/*!40103 SET @OLD_TIME_ZONE=@@TIME_ZONE */;
/*!40103 SET TIME_ZONE='+00:00' */;
/*!40014 SET @OLD_UNIQUE_CHECKS=@@UNIQUE_CHECKS, UNIQUE_CHECKS=0 */;
/*!40014 SET @OLD_FOREIGN_KEY_CHECKS=@@FOREIGN_KEY_CHECKS, FOREIGN_KEY_CHECKS=0 */;
/*!40101 SET @OLD_SQL_MODE=@@SQL_MODE, SQL_MODE='NO_AUTO_VALUE_ON_ZERO' */;
/*!40111 SET @OLD_SQL_NOTES=@@SQL_NOTES, SQL_NOTES=0 */;

--
-- Table structure for table `communities`
--

DROP TABLE IF EXISTS `communities`;
/*!40101 SET @saved_cs_client     = @@character_set_client */;
/*!50503 SET character_set_client = utf8mb4 */;
CREATE TABLE `communities` (
  `id` int unsigned NOT NULL AUTO_INCREMENT COMMENT '╨Ш╨┤╨╡╨╜╤В╨╕╤Д╨╕╨║╨░╤В╨╛╤А ╤Б╤А╨╛╨║╨╕',
  `name` varchar(150) CHARACTER SET utf8 COLLATE utf8_unicode_ci NOT NULL COMMENT '╨Э╨░╨╖╨▓╨░╨╜╨╕╨╡ ╨│╤А╤Г╨┐╨┐╤Л',
  `created_at` datetime DEFAULT CURRENT_TIMESTAMP COMMENT '╨Т╤А╨╡╨╝╤П ╤Б╨╛╨╖╨┤╨░╨╜╨╕╤П ╤Б╤В╤А╨╛╨║╨╕',
  `updated_at` datetime DEFAULT CURRENT_TIMESTAMP ON UPDATE CURRENT_TIMESTAMP COMMENT '╨Т╤А╨╡╨╝╤П ╨╛╨▒╨╜╨╛╨▓╨╗╨╡╨╜╨╕╤П ╤Б╤В╤А╨╛╨║╨╕',
  PRIMARY KEY (`id`),
  UNIQUE KEY `name` (`name`)
) ENGINE=InnoDB AUTO_INCREMENT=101 DEFAULT CHARSET=utf8 COLLATE=utf8_unicode_ci COMMENT='╨У╤А╤Г╨┐╨┐╤Л';
/*!40101 SET character_set_client = @saved_cs_client */;

--
-- Dumping data for table `communities`
--

LOCK TABLES `communities` WRITE;
/*!40000 ALTER TABLE `communities` DISABLE KEYS */;
INSERT INTO `communities` VALUES (1,'commodi','1933-08-09 01:17:15','1970-01-01 00:00:00'),(2,'assumenda','1926-10-21 18:51:15','1970-01-01 00:00:00'),(3,'delectus','1956-01-21 03:34:23','1970-01-01 00:00:00'),(4,'omnis','2009-02-09 00:35:33','2020-12-23 15:32:48'),(5,'voluptatem','1965-11-30 06:19:15','1970-01-01 00:00:00'),(6,'ex','2011-11-11 08:51:28','2020-12-23 15:32:48'),(7,'id','1978-04-02 19:06:54','2020-12-23 15:32:48'),(8,'sequi','1962-06-17 22:45:53','1970-01-01 00:00:00'),(9,'fugit','1943-07-10 21:43:23','1970-01-01 00:00:00'),(10,'cum','1986-06-14 21:44:22','2020-12-23 15:32:48'),(11,'iusto','1921-02-17 05:57:18','1970-01-01 00:00:00'),(12,'rerum','1931-09-18 02:25:18','1970-01-01 00:00:00'),(13,'fugiat','1936-05-19 08:34:28','1970-01-01 00:00:00'),(14,'qui','1948-04-30 03:15:08','1970-01-01 00:00:00'),(15,'modi','1942-10-19 10:51:17','1970-01-01 00:00:00'),(16,'voluptate','1933-05-12 20:09:12','1970-01-01 00:00:00'),(17,'beatae','1964-05-30 08:54:35','1970-01-01 00:00:00'),(18,'animi','1989-12-03 10:56:00','2020-12-23 15:32:48'),(19,'repellat','2003-09-26 11:19:53','2020-12-23 15:32:48'),(20,'nulla','1997-09-28 22:16:23','2020-12-23 15:32:48');
/*!40000 ALTER TABLE `communities` ENABLE KEYS */;
UNLOCK TABLES;

--
-- Table structure for table `communities_users`
--

DROP TABLE IF EXISTS `communities_users`;
/*!40101 SET @saved_cs_client     = @@character_set_client */;
/*!50503 SET character_set_client = utf8mb4 */;
CREATE TABLE `communities_users` (
  `community_id` int unsigned NOT NULL COMMENT '╨б╤Б╤Л╨╗╨║╨░ ╨╜╨░ ╨│╤А╤Г╨┐╨┐╤Г',
  `user_id` int unsigned NOT NULL COMMENT '╨б╤Б╤Л╨╗╨║╨░ ╨╜╨░ ╨┐╨╛╨╗╤М╨╖╨╛╨▓╨░╤В╨╡╨╗╤П',
  `created_at` datetime DEFAULT CURRENT_TIMESTAMP COMMENT '╨Т╤А╨╡╨╝╤П ╤Б╨╛╨╖╨┤╨░╨╜╨╕╤П ╤Б╤В╤А╨╛╨║╨╕',
  PRIMARY KEY (`community_id`,`user_id`) COMMENT '╨б╨╛╤Б╤В╨░╨▓╨╜╨╛╨╣ ╨┐╨╡╤А╨▓╨╕╤З╨╜╤Л╨╣ ╨║╨╗╤О╤З'
) ENGINE=InnoDB DEFAULT CHARSET=utf8 COLLATE=utf8_unicode_ci COMMENT='╨г╤З╨░╤Б╤В╨╜╨╕╨║╨╕ ╨│╤А╤Г╨┐╨┐, ╤Б╨▓╤П╨╖╤М ╨╝╨╡╨╢╨┤╤Г ╨┐╨╛╨╗╤М╨╖╨╛╨▓╨░╤В╨╡╨╗╤П╨╝╨╕ ╨╕ ╨│╤А╤Г╨┐╨┐╨░╨╝╨╕';
/*!40101 SET character_set_client = @saved_cs_client */;

--
-- Dumping data for table `communities_users`
--

LOCK TABLES `communities_users` WRITE;
/*!40000 ALTER TABLE `communities_users` DISABLE KEYS */;
INSERT INTO `communities_users` VALUES (1,12,'2020-12-30 15:36:53'),(1,34,'2020-12-30 15:36:53'),(1,51,'2020-12-30 15:36:53'),(1,95,'2020-12-30 15:36:53'),(2,25,'2020-12-30 15:36:53'),(2,55,'2020-12-30 15:36:53'),(2,65,'2020-12-30 15:36:53'),(2,87,'2020-12-30 15:36:53'),(3,10,'2020-12-30 15:36:53'),(3,13,'2020-12-30 15:36:53'),(3,14,'2020-12-30 15:36:53'),(3,17,'2020-12-30 15:36:53'),(3,19,'2020-12-30 15:36:53'),(3,20,'2020-12-30 15:36:53'),(3,28,'2020-12-30 15:36:53'),(3,58,'2020-12-30 15:36:53'),(3,60,'2020-12-30 15:36:53'),(3,71,'2020-12-30 15:36:53'),(4,3,'2020-12-30 15:36:53'),(4,6,'2020-12-30 15:36:53'),(4,16,'2020-12-30 15:36:53'),(4,52,'2020-12-30 15:36:53'),(4,64,'2020-12-30 15:36:53'),(4,89,'2020-12-30 15:36:53'),(4,92,'2020-12-30 15:36:53'),(4,98,'2020-12-30 15:36:53'),(5,35,'2020-12-30 15:36:53'),(5,37,'2020-12-30 15:36:53'),(5,38,'2020-12-30 15:36:53'),(5,42,'2020-12-30 15:36:53'),(5,49,'2020-12-30 15:36:53'),(5,67,'2020-12-30 15:36:53'),(5,81,'2020-12-30 15:36:53'),(5,94,'2020-12-30 15:36:53'),(6,11,'2020-12-30 15:36:53'),(6,96,'2020-12-30 15:36:53'),(7,5,'2020-12-30 15:36:53'),(7,8,'2020-12-30 15:36:53'),(7,36,'2020-12-30 15:36:53'),(7,44,'2020-12-30 15:36:53'),(7,45,'2020-12-30 15:36:53'),(7,54,'2020-12-30 15:36:53'),(7,77,'2020-12-30 15:36:53'),(7,84,'2020-12-30 15:36:53'),(7,86,'2020-12-30 15:36:53'),(8,78,'2020-12-30 15:36:53'),(8,99,'2020-12-30 15:36:53'),(9,18,'2020-12-30 15:36:53'),(9,53,'2020-12-30 15:36:53'),(9,56,'2020-12-30 15:36:53'),(9,75,'2020-12-30 15:36:53'),(10,7,'2020-12-30 15:36:53'),(10,59,'2020-12-30 15:36:53'),(10,66,'2020-12-30 15:36:53'),(10,83,'2020-12-30 15:36:53'),(11,61,'2020-12-30 15:36:53'),(11,69,'2020-12-30 15:36:53'),(12,2,'2020-12-30 15:36:53'),(12,9,'2020-12-30 15:36:53'),(12,27,'2020-12-30 15:36:53'),(12,39,'2020-12-30 15:36:53'),(12,88,'2020-12-30 15:36:53'),(13,70,'2020-12-30 15:36:53'),(13,74,'2020-12-30 15:36:53'),(13,91,'2020-12-30 15:36:53'),(14,23,'2020-12-30 15:36:53'),(14,24,'2020-12-30 15:36:53'),(14,31,'2020-12-30 15:36:53'),(14,47,'2020-12-30 15:36:53'),(14,68,'2020-12-30 15:36:53'),(15,1,'2020-12-30 15:36:53'),(15,26,'2020-12-30 15:36:53'),(15,32,'2020-12-30 15:36:53'),(15,57,'2020-12-30 15:36:53'),(15,62,'2020-12-30 15:36:53'),(15,63,'2020-12-30 15:36:53'),(15,90,'2020-12-30 15:36:53'),(16,4,'2020-12-30 15:36:53'),(16,22,'2020-12-30 15:36:53'),(16,33,'2020-12-30 15:36:53'),(16,46,'2020-12-30 15:36:53'),(16,48,'2020-12-30 15:36:53'),(16,79,'2020-12-30 15:36:53'),(16,82,'2020-12-30 15:36:53'),(16,97,'2020-12-30 15:36:53'),(17,40,'2020-12-30 15:36:53'),(17,41,'2020-12-30 15:36:53'),(17,43,'2020-12-30 15:36:53'),(17,72,'2020-12-30 15:36:53'),(17,73,'2020-12-30 15:36:53'),(17,85,'2020-12-30 15:36:53'),(18,15,'2020-12-30 15:36:53'),(18,21,'2020-12-30 15:36:53'),(18,30,'2020-12-30 15:36:53'),(18,76,'2020-12-30 15:36:53'),(18,80,'2020-12-30 15:36:53'),(18,100,'2020-12-30 15:36:53'),(19,50,'2020-12-30 15:36:53'),(20,29,'2020-12-30 15:36:53'),(20,93,'2020-12-30 15:36:53');
/*!40000 ALTER TABLE `communities_users` ENABLE KEYS */;
UNLOCK TABLES;

--
-- Table structure for table `friendship`
--

DROP TABLE IF EXISTS `friendship`;
/*!40101 SET @saved_cs_client     = @@character_set_client */;
/*!50503 SET character_set_client = utf8mb4 */;
CREATE TABLE `friendship` (
  `user_id` int unsigned NOT NULL COMMENT '╨б╤Б╤Л╨╗╨║╨░ ╨╜╨░ ╨╕╨╜╨╕╤Ж╨╕╨░╤В╨╛╤А╨░ ╨┤╤А╤Г╨╢╨╡╤Б╨║╨╕╤Е ╨╛╤В╨╜╨╛╤И╨╡╨╜╨╕╨╣',
  `friend_id` int unsigned NOT NULL COMMENT '╨б╤Б╤Л╨╗╨║╨░ ╨╜╨░ ╨┐╨╛╨╗╤Г╤З╨░╤В╨╡╨╗╤П ╨┐╤А╨╕╨│╨╗╨░╤И╨╡╨╜╨╕╤П ╨┤╤А╤Г╨╢╨╕╤В╤М',
  `friendship_status_id` int unsigned NOT NULL COMMENT '╨б╤Б╤Л╨╗╨║╨░ ╨╜╨░ ╤Б╤В╨░╤В╤Г╤Б (╤В╨╡╨║╤Г╤Й╨╡╨╡ ╤Б╨╛╤Б╤В╨╛╤П╨╜╨╕╨╡) ╨╛╤В╨╜╨╛╤И╨╡╨╜╨╕╨╣',
  `confirmed_at` datetime DEFAULT NULL COMMENT '╨Т╤А╨╡╨╝╤П ╨┐╨╛╨┤╤В╨▓╨╡╤А╨╢╨┤╨╡╨╜╨╕╤П ╨┐╤А╨╕╨│╨╗╨░╤И╨╡╨╜╨╕╤П',
  `created_at` datetime DEFAULT CURRENT_TIMESTAMP COMMENT '╨Т╤А╨╡╨╝╤П ╤Б╨╛╨╖╨┤╨░╨╜╨╕╤П ╤Б╤В╤А╨╛╨║╨╕',
  `updated_at` datetime DEFAULT CURRENT_TIMESTAMP ON UPDATE CURRENT_TIMESTAMP COMMENT '╨Т╤А╨╡╨╝╤П ╨╛╨▒╨╜╨╛╨▓╨╗╨╡╨╜╨╕╤П ╤Б╤В╤А╨╛╨║╨╕',
  PRIMARY KEY (`user_id`,`friend_id`) COMMENT '╨б╨╛╤Б╤В╨░╨▓╨╜╨╛╨╣ ╨┐╨╡╤А╨▓╨╕╤З╨╜╤Л╨╣ ╨║╨╗╤О╤З'
) ENGINE=InnoDB DEFAULT CHARSET=utf8 COLLATE=utf8_unicode_ci COMMENT='╨в╨░╨▒╨╗╨╕╤Ж╨░ ╨┤╤А╤Г╨╢╨▒╤Л';
/*!40101 SET character_set_client = @saved_cs_client */;

--
-- Dumping data for table `friendship`
--

LOCK TABLES `friendship` WRITE;
/*!40000 ALTER TABLE `friendship` DISABLE KEYS */;
INSERT INTO `friendship` VALUES (3,39,6,'2018-07-09 02:44:14','1980-08-29 04:03:34','2020-12-23 15:17:08'),(4,100,9,'2010-04-17 01:17:45','1996-07-20 14:41:47','2020-01-15 18:16:10'),(5,11,12,'2007-09-05 15:22:20','1994-06-30 22:08:18','2020-12-23 15:17:08'),(7,19,2,'2006-08-27 15:10:08','1987-05-16 07:39:21','2020-12-23 15:17:08'),(7,41,1,'2007-11-06 12:55:11','2007-10-30 12:55:11','2020-12-23 15:23:07'),(7,53,3,'2005-03-07 12:36:52','1992-03-17 12:49:56','2019-08-17 02:28:52'),(7,95,14,'2019-06-14 00:40:27','2019-06-07 00:40:27','2020-12-23 15:23:07'),(9,67,4,'1979-11-11 01:18:25','1973-03-19 14:49:16','2002-03-19 10:14:17'),(9,88,5,'2018-09-07 05:03:18','1990-10-04 02:20:13','2011-11-28 20:44:29'),(10,42,6,'1992-08-11 15:30:39','1973-12-07 19:06:26','2012-10-17 14:15:42'),(10,82,19,'2010-06-23 13:29:59','2010-06-16 13:29:59','2020-12-23 15:23:07'),(11,61,6,'2020-02-19 11:05:58','1997-10-01 11:52:47','2007-06-07 10:33:17'),(12,80,20,'2013-06-28 20:18:52','1979-03-25 20:42:17','1983-07-29 01:41:49'),(13,18,16,'2009-10-16 12:34:07','1994-09-14 05:38:22','2002-11-06 05:22:36'),(13,51,1,'2003-07-09 15:04:44','2003-07-02 15:04:44','2020-12-23 15:23:07'),(13,85,19,'2010-10-08 11:06:02','1980-06-14 19:08:11','1995-11-02 13:40:02'),(13,94,9,'1987-07-23 09:16:05','1978-05-02 15:23:29','1987-10-24 20:12:17'),(14,86,2,'1985-11-25 01:00:10','1985-11-18 01:00:10','2020-12-23 15:23:07'),(14,87,13,'2018-04-21 17:36:43','2000-11-25 02:34:12','2020-12-23 15:17:08'),(15,3,17,'2002-11-28 18:36:25','2002-11-21 18:36:25','2020-12-23 15:23:07'),(16,90,7,'1988-10-25 18:05:39','1985-03-15 14:06:24','1995-10-16 17:56:51'),(16,95,11,'1983-04-17 18:43:50','1975-08-16 00:37:34','1987-01-08 03:27:38'),(18,25,1,'1998-11-21 16:12:12','1998-11-14 16:12:12','2020-12-23 15:23:07'),(20,64,19,'1999-01-14 04:08:56','1999-01-07 04:08:56','2020-12-23 15:23:07'),(20,100,18,'2007-03-14 13:25:41','2007-03-07 13:25:41','2020-12-23 15:23:07'),(22,68,11,'2001-06-27 16:17:47','1998-06-27 03:53:24','2001-05-17 17:53:24'),(24,82,16,'1981-11-02 11:55:26','1981-10-26 11:55:26','2020-12-23 15:23:07'),(25,81,4,'2001-08-14 08:33:49','2001-08-07 08:33:49','2020-12-23 15:23:07'),(27,18,20,'1989-08-08 05:41:40','1989-08-01 05:41:40','2020-12-23 15:23:07'),(27,75,14,'2013-08-22 19:09:11','2013-01-25 09:39:24','2020-12-23 15:17:08'),(30,99,10,'1986-07-24 19:26:27','1971-05-20 15:02:15','2002-03-24 22:08:08'),(31,85,1,'1976-12-23 22:16:19','1971-12-03 15:28:49','2004-12-15 10:31:05'),(32,16,5,'2001-12-08 15:25:07','2001-12-01 15:25:07','2020-12-23 15:23:07'),(34,86,12,'2011-12-04 15:31:19','2011-11-27 15:31:19','2020-12-23 15:23:07'),(34,92,7,'2007-09-21 21:21:16','2007-09-14 21:21:16','2020-12-23 15:23:07'),(37,13,8,'1997-10-11 15:11:14','1985-02-23 15:10:25','2018-08-26 21:58:30'),(38,12,4,'2007-07-01 23:31:14','2007-06-24 23:31:14','2020-12-23 15:23:07'),(39,29,20,'2001-10-17 08:35:37','2001-10-10 08:35:37','2020-12-23 15:23:07'),(39,56,8,'2019-10-22 08:00:35','1990-01-06 05:39:09','2020-12-23 15:17:08'),(40,8,11,'2019-03-18 07:52:28','1989-11-08 21:20:27','2010-11-13 23:58:48'),(40,20,8,'2004-01-20 19:02:59','2004-01-13 19:02:59','2020-12-23 15:23:07'),(42,14,12,'2003-02-21 17:31:56','2003-02-14 17:31:56','2020-12-23 15:23:07'),(44,10,20,'2012-09-09 02:05:07','2012-09-02 02:05:07','2020-12-23 15:23:07'),(44,80,19,'2007-04-11 10:37:19','2007-04-04 10:37:19','2020-12-23 15:23:07'),(45,36,5,'2016-10-03 10:38:39','2016-09-26 10:38:39','2020-12-23 15:23:07'),(46,62,2,'2013-04-20 15:22:22','2011-05-29 09:08:37','2020-12-23 15:17:08'),(51,42,10,'1978-02-12 00:21:45','1972-07-30 22:03:32','2012-04-20 04:41:35'),(51,64,11,'2016-08-15 23:33:08','2016-08-08 23:33:08','2020-12-23 15:23:07'),(52,86,10,'2007-10-09 06:22:23','2007-10-02 06:22:23','2020-12-23 15:23:07'),(54,39,8,'1992-09-08 10:53:22','1986-08-31 00:16:54','1989-03-27 22:32:22'),(55,2,14,'1981-06-22 00:40:51','1981-06-15 00:40:51','2020-12-23 15:23:07'),(56,45,3,'2015-05-06 18:34:55','1983-04-21 08:19:26','1988-08-24 02:13:17'),(57,55,13,'2017-10-26 01:02:37','2017-10-19 01:02:37','2020-12-23 15:23:07'),(57,68,6,'2009-02-19 06:33:51','2005-09-09 15:45:41','2020-12-23 15:17:08'),(57,77,15,'2007-01-27 20:16:44','2007-01-20 20:16:44','2020-12-23 15:23:07'),(58,68,4,'1995-06-07 00:27:52','1995-05-31 00:27:52','2020-12-23 15:23:07'),(61,54,14,'2018-04-06 06:34:41','2018-03-30 06:34:41','2020-12-23 15:23:07'),(61,94,18,'1976-05-26 14:36:35','1976-05-19 14:36:35','2020-12-23 15:23:07'),(62,10,9,'2018-06-16 22:46:40','2018-06-09 22:46:40','2020-12-23 15:23:07'),(62,11,12,'2016-11-01 19:09:03','1999-11-09 15:17:41','2020-12-23 15:17:08'),(63,69,13,'1993-10-04 07:46:59','1985-07-24 18:58:05','2020-12-23 15:17:08'),(63,81,13,'1992-01-18 16:35:27','1977-10-14 22:37:04','1988-06-07 22:05:15'),(65,3,2,'2018-06-01 09:40:01','2018-05-25 09:40:01','2020-12-23 15:23:07'),(66,87,14,'1999-03-05 11:43:05','1997-04-23 13:35:07','2019-07-08 09:24:25'),(67,54,17,'2000-04-13 23:23:52','2000-04-06 23:23:52','2020-12-23 15:23:07'),(68,28,18,'1976-02-29 14:23:17','1976-02-22 14:23:17','2020-12-23 15:23:07'),(68,79,5,'2015-08-15 21:56:11','1979-02-19 20:34:15','2011-08-12 16:26:11'),(69,80,6,'2007-03-11 23:06:37','1971-07-25 18:55:20','2016-12-17 15:23:44'),(69,89,15,'1997-01-28 23:28:16','1997-01-21 23:28:16','2020-12-23 15:23:07'),(71,3,20,'2017-04-22 11:57:08','2017-04-15 11:57:08','2020-12-23 15:23:07'),(71,5,11,'2006-05-16 18:19:55','2006-05-09 18:19:55','2020-12-23 15:23:07'),(71,27,19,'1983-04-10 23:36:46','1973-05-30 00:54:22','2015-07-12 19:10:14'),(71,80,3,'1981-10-26 19:23:47','1972-12-06 19:25:45','2015-10-06 07:19:36'),(72,16,17,'2019-09-10 02:42:03','2019-09-03 02:42:03','2020-12-23 15:23:07'),(74,39,16,'2001-12-08 00:29:55','2001-12-01 00:29:55','2020-12-23 15:23:07'),(74,54,3,'2014-04-21 17:33:54','2014-04-14 17:33:54','2020-12-23 15:23:07'),(76,44,1,'2014-06-18 08:05:15','2014-06-11 08:05:15','2020-12-23 15:23:07'),(76,59,16,'1994-07-19 10:16:15','1994-07-12 10:16:15','2020-12-23 15:23:07'),(79,99,15,'2015-08-11 12:15:59','2015-08-04 12:15:59','2020-12-23 15:23:07'),(80,19,4,'2020-03-04 21:15:08','2013-12-20 12:25:16','2020-12-23 15:17:08'),(85,28,7,'1989-11-20 09:05:53','1978-11-12 03:56:43','1996-09-01 10:18:30'),(87,85,2,'1991-04-19 11:49:03','1987-10-14 23:12:22','1991-12-10 20:21:03'),(89,32,7,'1997-11-28 01:31:57','1997-11-21 01:31:57','2020-12-23 15:23:07'),(89,59,7,'2016-02-05 09:48:29','1992-11-06 21:32:24','1993-05-29 23:46:11'),(92,64,9,'1999-05-10 00:00:13','1999-05-03 00:00:13','2020-12-23 15:23:07'),(92,71,3,'2010-01-11 08:28:46','1993-07-28 07:44:30','2020-12-23 15:17:08'),(92,73,13,'1994-01-25 08:32:22','1994-01-18 08:32:22','2020-12-23 15:23:07'),(93,17,10,'2008-10-18 02:48:42','2008-10-11 02:48:42','2020-12-23 15:23:07'),(94,30,17,'2020-12-16 21:31:02','2020-12-09 21:31:02','2020-12-23 15:23:07'),(94,42,10,'1992-07-15 02:22:56','1977-01-19 09:29:50','2020-12-23 15:17:08'),(94,50,12,'2004-10-23 01:36:49','2004-10-16 01:36:49','2020-12-23 15:23:07'),(97,4,8,'1990-08-01 06:19:54','1985-06-13 01:26:21','2015-10-27 00:33:05'),(97,40,18,'1980-07-30 05:49:44','1980-07-23 05:49:44','2020-12-23 15:23:07'),(97,68,16,'2013-02-18 11:32:35','2013-02-11 11:32:35','2020-12-23 15:23:07'),(98,16,15,'2011-03-01 12:13:50','2011-02-22 12:13:50','2020-12-23 15:23:07'),(98,68,5,'2012-07-18 06:52:28','1983-09-06 03:00:59','1988-10-02 10:34:08'),(99,29,18,'2011-03-19 17:54:29','1979-10-15 20:59:02','2020-12-23 15:17:08'),(99,50,17,'1986-03-21 06:29:57','1984-02-01 04:40:54','1996-08-19 12:04:36'),(99,57,15,'2019-12-18 18:23:36','2019-12-11 18:23:36','2020-12-23 15:23:07'),(100,48,9,'2019-04-11 17:50:10','1970-12-05 10:20:11','1981-03-06 17:22:39');
/*!40000 ALTER TABLE `friendship` ENABLE KEYS */;
UNLOCK TABLES;

--
-- Table structure for table `friendship_statuses`
--

DROP TABLE IF EXISTS `friendship_statuses`;
/*!40101 SET @saved_cs_client     = @@character_set_client */;
/*!50503 SET character_set_client = utf8mb4 */;
CREATE TABLE `friendship_statuses` (
  `id` int unsigned NOT NULL AUTO_INCREMENT COMMENT '╨Ш╨┤╨╡╨╜╤В╨╕╤Д╨╕╨║╨░╤В╨╛╤А ╤Б╤В╤А╨╛╨║╨╕',
  `name` varchar(150) CHARACTER SET utf8 COLLATE utf8_unicode_ci NOT NULL COMMENT '╨Э╨░╨╖╨▓╨░╨╜╨╕╨╡ ╤Б╤В╨░╤В╤Г╤Б╨░',
  `created_at` datetime DEFAULT CURRENT_TIMESTAMP COMMENT '╨Т╤А╨╡╨╝╤П ╤Б╨╛╨╖╨┤╨░╨╜╨╕╤П ╤Б╤В╤А╨╛╨║╨╕',
  `updated_at` datetime DEFAULT CURRENT_TIMESTAMP ON UPDATE CURRENT_TIMESTAMP COMMENT '╨Т╤А╨╡╨╝╤П ╨╛╨▒╨╜╨╛╨▓╨╗╨╡╨╜╨╕╤П ╤Б╤В╤А╨╛╨║╨╕',
  PRIMARY KEY (`id`),
  UNIQUE KEY `name` (`name`)
) ENGINE=InnoDB AUTO_INCREMENT=21 DEFAULT CHARSET=utf8 COLLATE=utf8_unicode_ci COMMENT='╨б╤В╨░╤В╤Г╤Б╤Л ╨┤╤А╤Г╨╢╨▒╤Л';
/*!40101 SET character_set_client = @saved_cs_client */;

--
-- Dumping data for table `friendship_statuses`
--

LOCK TABLES `friendship_statuses` WRITE;
/*!40000 ALTER TABLE `friendship_statuses` DISABLE KEYS */;
INSERT INTO `friendship_statuses` VALUES (1,'et','2003-01-29 21:50:35','2014-12-18 00:14:06'),(2,'velit','1930-05-04 02:31:53','2020-01-18 04:20:48'),(3,'quia','1926-01-09 13:08:05','2014-09-08 02:39:29'),(4,'est','1945-06-08 21:54:26','2011-06-19 22:39:11'),(5,'cupiditate','1984-04-01 10:16:14','2015-09-27 09:20:07'),(6,'totam','1944-04-02 17:14:55','2014-04-30 22:44:42'),(7,'ipsum','1991-08-01 05:36:49','2018-12-29 21:38:41'),(8,'sed','2001-01-21 00:32:51','2014-12-16 12:02:40'),(9,'ut','1950-02-26 06:24:21','2020-04-20 09:10:29'),(10,'facilis','1975-12-25 19:56:00','2015-06-18 12:56:24'),(11,'expedita','2010-05-16 05:47:45','2015-09-05 00:21:09'),(12,'repudiandae','2009-09-22 00:13:39','2012-03-31 21:23:20'),(13,'quod','1973-01-31 19:49:29','2013-12-29 00:16:33'),(14,'aspernatur','1995-12-22 08:36:42','2013-03-04 15:16:34'),(15,'illum','1944-01-20 16:07:51','2011-10-03 05:30:42'),(16,'omnis','1979-04-02 17:28:47','2019-08-15 03:46:10'),(17,'enim','1995-12-12 16:10:51','2015-10-03 06:56:25'),(18,'earum','1985-03-03 20:07:14','2019-09-13 02:41:01'),(19,'veniam','1997-06-22 08:43:13','2018-01-02 14:43:47'),(20,'doloribus','1972-08-28 19:25:06','2017-06-16 19:17:22');
/*!40000 ALTER TABLE `friendship_statuses` ENABLE KEYS */;
UNLOCK TABLES;

--
-- Table structure for table `media`
--

DROP TABLE IF EXISTS `media`;
/*!40101 SET @saved_cs_client     = @@character_set_client */;
/*!50503 SET character_set_client = utf8mb4 */;
CREATE TABLE `media` (
  `id` int unsigned NOT NULL AUTO_INCREMENT COMMENT '╨Ш╨┤╨╡╨╜╤В╨╕╤Д╨╕╨║╨░╤В╨╛╤А ╤Б╤В╤А╨╛╨║╨╕',
  `user_id` int unsigned NOT NULL COMMENT '╨б╤Б╤Л╨╗╨║╨░ ╨╜╨░ ╨┐╨╛╨╗╤М╨╖╨╛╨▓╨░╤В╨╡╨╗╤П, ╨║╨╛╤В╨╛╤А╤Л╨╣ ╨╖╨░╨│╤А╤Г╨╖╨╕╨╗ ╤Д╨░╨╣╨╗',
  `filename` varchar(255) CHARACTER SET utf8 COLLATE utf8_unicode_ci NOT NULL COMMENT '╨Я╤Г╤В╤М ╨║ ╤Д╨░╨╣╨╗╤Г',
  `size` int NOT NULL COMMENT '╨а╨░╨╖╨╝╨╡╤А ╤Д╨░╨╣╨╗╨░',
  `metadata` longtext CHARACTER SET utf8mb4 COLLATE utf8mb4_bin COMMENT '╨Ь╨╡╤В╨░╨┤╨░╨╜╨╜╤Л╨╡ ╤Д╨░╨╣╨╗╨░',
  `media_type_id` int unsigned NOT NULL COMMENT '╨б╤Б╤Л╨╗╨║╨░ ╨╜╨░ ╤В╨╕╨┐ ╨║╨╛╨╜╤В╨╡╨╜╤В╨░',
  `created_at` datetime DEFAULT CURRENT_TIMESTAMP COMMENT '╨Т╤А╨╡╨╝╤П ╤Б╨╛╨╖╨┤╨░╨╜╨╕╤П ╤Б╤В╤А╨╛╨║╨╕',
  `updated_at` datetime DEFAULT CURRENT_TIMESTAMP ON UPDATE CURRENT_TIMESTAMP COMMENT '╨Т╤А╨╡╨╝╤П ╨╛╨▒╨╜╨╛╨▓╨╗╨╡╨╜╨╕╤П ╤Б╤В╤А╨╛╨║╨╕',
  PRIMARY KEY (`id`),
  CONSTRAINT `media_chk_1` CHECK (json_valid(`metadata`))
) ENGINE=InnoDB AUTO_INCREMENT=101 DEFAULT CHARSET=utf8 COLLATE=utf8_unicode_ci COMMENT='╨Ь╨╡╨┤╨╕╨░╤Д╨░╨╣╨╗╤Л';
/*!40101 SET character_set_client = @saved_cs_client */;

--
-- Dumping data for table `media`
--

LOCK TABLES `media` WRITE;
/*!40000 ALTER TABLE `media` DISABLE KEYS */;
INSERT INTO `media` VALUES (1,59,'http://dropbox.net/vk/delectus.avi',900763096,'{\"owner\":\"Elvis Ward\"}',2,'2012-08-10 13:38:00','2020-12-23 15:12:41'),(2,48,'http://dropbox.net/vk/itaque.png',454449595,'{\"owner\":\"Matteo Welch\"}',2,'2017-02-10 04:45:55','2020-12-23 15:00:47'),(3,63,'http://dropbox.net/vk/numquam.mp3',700060943,'{\"owner\":\"Nash Dickens\"}',4,'2016-02-27 07:23:43','2020-12-23 15:12:41'),(4,3,'http://dropbox.net/vk/molestias.avi',3845699,'{\"owner\":\"Kaya Ratke\"}',2,'2012-06-09 10:42:38','2020-12-23 15:12:41'),(5,100,'http://dropbox.net/vk/mollitia.mp3',75958,'{\"owner\":\"Lazaro Harvey\"}',3,'2020-08-13 08:00:21','2020-12-23 15:12:41'),(6,100,'http://dropbox.net/vk/quia.jpeg',47563,'{\"owner\":\"Lazaro Harvey\"}',4,'2019-10-18 05:45:58','2020-12-23 15:12:41'),(7,19,'http://dropbox.net/vk/eveniet.png',62447,'{\"owner\":\"Kurt Pfannerstill\"}',4,'2012-04-27 12:34:02','2020-12-23 15:12:41'),(8,54,'http://dropbox.net/vk/cupiditate.png',703558,'{\"owner\":\"Bo Raynor\"}',4,'2018-02-20 14:36:04','2020-12-23 15:12:41'),(9,57,'http://dropbox.net/vk/eius.jpeg',562660,'{\"owner\":\"Therese Armstrong\"}',2,'2015-05-09 18:29:08','2020-12-23 15:12:41'),(10,69,'http://dropbox.net/vk/aut.png',77279,'{\"owner\":\"Dakota Ondricka\"}',4,'2016-05-11 11:07:21','2020-12-23 15:12:41'),(11,6,'http://dropbox.net/vk/quo.jpeg',75177394,'{\"owner\":\"Vernie Lakin\"}',1,'2017-03-09 14:50:07','2020-12-23 15:12:41'),(12,75,'http://dropbox.net/vk/quae.jpeg',279601659,'{\"owner\":\"Odie Beahan\"}',2,'2013-06-10 05:19:53','2020-12-23 15:12:41'),(13,36,'http://dropbox.net/vk/incidunt.jpeg',82333,'{\"owner\":\"Gregorio Witting\"}',2,'2020-09-09 22:27:04','2020-12-23 15:12:41'),(14,12,'http://dropbox.net/vk/voluptas.mp3',78829,'{\"owner\":\"Shawn O\'Reilly\"}',2,'2016-01-11 17:13:01','2020-12-23 15:12:41'),(15,32,'http://dropbox.net/vk/nam.mp3',731080,'{\"owner\":\"Jessyca Ruecker\"}',3,'2020-06-26 04:39:15','2020-12-23 15:12:41'),(16,54,'http://dropbox.net/vk/dolorem.mp3',46147,'{\"owner\":\"Bo Raynor\"}',1,'2012-07-02 18:23:04','2020-12-23 15:12:41'),(17,59,'http://dropbox.net/vk/et.png',82427986,'{\"owner\":\"Elvis Ward\"}',4,'2013-11-05 01:02:15','2020-12-23 15:12:41'),(18,27,'http://dropbox.net/vk/doloribus.mp3',93248,'{\"owner\":\"Skylar Veum\"}',1,'2020-02-08 14:53:18','2020-12-23 15:12:41'),(19,39,'http://dropbox.net/vk/enim.png',133097,'{\"owner\":\"Erik Lemke\"}',2,'2013-08-04 08:09:41','2020-12-23 15:12:41'),(20,82,'http://dropbox.net/vk/eum.png',26799,'{\"owner\":\"Zola Turcotte\"}',4,'2012-06-10 12:07:28','2020-12-23 15:12:41'),(21,8,'http://dropbox.net/vk/cumque.png',25263,'{\"owner\":\"Armando Yost\"}',1,'2018-07-18 18:50:23','2020-12-23 15:00:47'),(22,47,'http://dropbox.net/vk/quo.avi',149487271,'{\"owner\":\"Cicero Koch\"}',2,'2019-09-24 22:33:57','2020-12-23 15:00:47'),(23,62,'http://dropbox.net/vk/sit.avi',53250,'{\"owner\":\"Titus Murray\"}',4,'2015-05-23 11:12:00','2020-12-23 15:12:41'),(24,4,'http://dropbox.net/vk/quaerat.jpeg',84854,'{\"owner\":\"Edd Willms\"}',2,'2014-02-16 23:36:41','2020-12-23 15:12:41'),(25,21,'http://dropbox.net/vk/sed.png',4497556,'{\"owner\":\"Kyra Rowe\"}',1,'2011-04-24 04:46:54','2020-12-23 15:12:41'),(26,21,'http://dropbox.net/vk/nemo.avi',76212426,'{\"owner\":\"Kyra Rowe\"}',3,'2018-03-05 00:21:22','2020-12-23 15:12:41'),(27,45,'http://dropbox.net/vk/deleniti.avi',63521,'{\"owner\":\"Jay Hintz\"}',3,'2020-03-19 02:25:21','2020-12-23 15:12:41'),(28,19,'http://dropbox.net/vk/distinctio.mp3',815918,'{\"owner\":\"Kurt Pfannerstill\"}',3,'2019-05-19 04:29:38','2020-12-23 15:12:41'),(29,52,'http://dropbox.net/vk/inventore.png',517084,'{\"owner\":\"Elisha Ward\"}',3,'2012-08-24 13:01:07','2020-12-23 15:12:41'),(30,68,'http://dropbox.net/vk/dignissimos.avi',62042,'{\"owner\":\"Rico Wolff\"}',4,'2016-10-23 16:42:19','2020-12-23 15:12:41'),(31,53,'http://dropbox.net/vk/hic.jpeg',18647,'{\"owner\":\"Sarai Turcotte\"}',1,'2016-10-19 00:34:29','2020-12-23 15:12:41'),(32,84,'http://dropbox.net/vk/itaque.avi',701626,'{\"owner\":\"Domenick Hagenes\"}',3,'2013-05-22 13:24:36','2020-12-23 15:12:41'),(33,61,'http://dropbox.net/vk/quos.avi',73604,'{\"owner\":\"Javon Veum\"}',2,'2011-08-31 06:51:57','2020-12-23 15:12:41'),(34,93,'http://dropbox.net/vk/qui.png',577414,'{\"owner\":\"Kay O\'Reilly\"}',2,'2015-04-27 15:08:05','2020-12-23 15:12:41'),(35,63,'http://dropbox.net/vk/maiores.avi',2704281,'{\"owner\":\"Nash Dickens\"}',1,'2014-01-25 02:31:41','2020-12-23 15:12:41'),(36,54,'http://dropbox.net/vk/quo.mp3',48696,'{\"owner\":\"Bo Raynor\"}',2,'2020-03-13 11:03:06','2020-12-23 15:12:41'),(37,45,'http://dropbox.net/vk/explicabo.jpeg',21668,'{\"owner\":\"Jay Hintz\"}',2,'2012-03-13 08:09:27','2020-12-23 15:12:41'),(38,56,'http://dropbox.net/vk/beatae.mp3',61250,'{\"owner\":\"Cleta Reinger\"}',1,'2013-01-22 06:03:48','2020-12-23 15:12:41'),(39,12,'http://dropbox.net/vk/deserunt.mp3',7105432,'{\"owner\":\"Shawn O\'Reilly\"}',3,'2016-12-23 07:52:44','2020-12-23 15:12:41'),(40,17,'http://dropbox.net/vk/quis.jpeg',1013007,'{\"owner\":\"Melany Schowalter\"}',1,'2013-03-19 12:39:04','2020-12-23 15:12:41'),(41,60,'http://dropbox.net/vk/necessitatibus.avi',117638458,'{\"owner\":\"Reyes Bechtelar\"}',3,'2020-03-08 16:37:18','2020-12-23 15:12:41'),(42,13,'http://dropbox.net/vk/quod.avi',716140,'{\"owner\":\"Sonya Walsh\"}',1,'2013-03-03 22:51:31','2020-12-23 15:12:41'),(43,87,'http://dropbox.net/vk/porro.png',40249,'{\"owner\":\"Lizeth Barton\"}',3,'2011-08-26 04:18:36','2020-12-23 15:00:47'),(44,53,'http://dropbox.net/vk/inventore.mp3',5068883,'{\"owner\":\"Sarai Turcotte\"}',3,'2016-07-06 21:04:49','2020-12-23 15:12:41'),(45,53,'http://dropbox.net/vk/qui.avi',16495,'{\"owner\":\"Sarai Turcotte\"}',2,'2018-07-25 19:08:48','2020-12-23 15:12:41'),(46,94,'http://dropbox.net/vk/ad.avi',60727,'{\"owner\":\"Pasquale Lueilwitz\"}',1,'2020-11-21 09:14:18','2020-12-23 15:12:41'),(47,36,'http://dropbox.net/vk/quo.png',285077,'{\"owner\":\"Gregorio Witting\"}',4,'2018-11-04 07:05:34','2020-12-23 15:12:41'),(48,66,'http://dropbox.net/vk/numquam.mp3',994508347,'{\"owner\":\"Arlene Dooley\"}',4,'2017-10-05 11:36:01','2020-12-23 15:12:41'),(49,86,'http://dropbox.net/vk/qui.jpeg',42725459,'{\"owner\":\"Janessa O\'Hara\"}',3,'2014-07-28 09:29:33','2020-12-23 15:12:41'),(50,74,'http://dropbox.net/vk/id.png',2274855,'{\"owner\":\"Jerry Braun\"}',1,'2020-06-10 12:59:07','2020-12-23 15:12:41'),(51,41,'http://dropbox.net/vk/totam.mp3',53152,'{\"owner\":\"Tristian Emmerich\"}',4,'2016-03-23 06:26:20','2020-12-23 15:12:41'),(52,89,'http://dropbox.net/vk/atque.png',82580,'{\"owner\":\"Kaelyn Dicki\"}',2,'2016-11-09 14:24:25','2020-12-23 15:12:41'),(53,89,'http://dropbox.net/vk/praesentium.mp3',52444,'{\"owner\":\"Kaelyn Dicki\"}',2,'2020-02-08 11:04:09','2020-12-23 15:12:41'),(54,15,'http://dropbox.net/vk/blanditiis.avi',260441,'{\"owner\":\"Troy Beatty\"}',2,'2019-04-04 15:01:37','2020-12-23 15:12:41'),(55,78,'http://dropbox.net/vk/pariatur.mp3',319146,'{\"owner\":\"Willow Kirlin\"}',4,'2014-02-27 19:42:46','2020-12-23 15:12:41'),(56,44,'http://dropbox.net/vk/repellendus.mp3',385168143,'{\"owner\":\"Bennie Gibson\"}',3,'2011-10-30 04:33:48','2020-12-23 15:12:41'),(57,45,'http://dropbox.net/vk/reprehenderit.jpeg',13479,'{\"owner\":\"Jay Hintz\"}',2,'2020-01-10 21:39:59','2020-12-23 15:12:41'),(58,39,'http://dropbox.net/vk/quaerat.mp3',747150,'{\"owner\":\"Erik Lemke\"}',3,'2018-01-24 19:23:19','2020-12-23 15:12:41'),(59,49,'http://dropbox.net/vk/quaerat.jpeg',3357206,'{\"owner\":\"Tamara Ziemann\"}',4,'2018-06-19 18:26:33','2020-12-23 15:12:41'),(60,23,'http://dropbox.net/vk/velit.mp3',819150,'{\"owner\":\"Levi Legros\"}',4,'2012-12-28 15:04:55','2020-12-23 15:12:41'),(61,18,'http://dropbox.net/vk/quo.mp3',65667564,'{\"owner\":\"Nikita Fisher\"}',3,'2014-03-10 04:39:57','2020-12-23 15:12:41'),(62,50,'http://dropbox.net/vk/corrupti.avi',989874,'{\"owner\":\"Carissa Tillman\"}',1,'2014-06-11 16:27:11','2020-12-23 15:12:41'),(63,6,'http://dropbox.net/vk/quos.mp3',91215,'{\"owner\":\"Vernie Lakin\"}',4,'2014-04-06 06:45:55','2020-12-23 15:12:41'),(64,85,'http://dropbox.net/vk/quasi.png',43431,'{\"owner\":\"Elroy Howell\"}',3,'2014-03-01 03:30:55','2020-12-23 15:12:41'),(65,56,'http://dropbox.net/vk/libero.mp3',35325,'{\"owner\":\"Cleta Reinger\"}',3,'2018-09-08 02:43:46','2020-12-23 15:12:41'),(66,86,'http://dropbox.net/vk/blanditiis.avi',14005924,'{\"owner\":\"Janessa O\'Hara\"}',2,'2020-05-11 00:00:38','2020-12-23 15:12:41'),(67,77,'http://dropbox.net/vk/porro.jpeg',42511,'{\"owner\":\"Vern Johnson\"}',2,'2017-06-08 18:34:03','2020-12-23 15:12:41'),(68,76,'http://dropbox.net/vk/officia.avi',81265,'{\"owner\":\"Glenna Armstrong\"}',1,'2020-06-01 09:23:45','2020-12-23 15:12:41'),(69,5,'http://dropbox.net/vk/error.png',77792,'{\"owner\":\"Brionna Murphy\"}',4,'2012-11-11 17:58:30','2020-12-23 15:12:41'),(70,66,'http://dropbox.net/vk/et.png',509224531,'{\"owner\":\"Arlene Dooley\"}',4,'2015-11-06 01:33:52','2020-12-23 15:12:41'),(71,2,'http://dropbox.net/vk/totam.jpeg',654574023,'{\"owner\":\"Harmon Tremblay\"}',2,'2020-02-24 10:14:54','2020-12-23 15:12:41'),(72,84,'http://dropbox.net/vk/consectetur.avi',41411,'{\"owner\":\"Domenick Hagenes\"}',1,'2017-02-24 16:26:48','2020-12-23 15:12:41'),(73,5,'http://dropbox.net/vk/et.avi',44165,'{\"owner\":\"Brionna Murphy\"}',4,'2013-06-17 18:38:12','2020-12-23 15:12:41'),(74,87,'http://dropbox.net/vk/aut.avi',672699,'{\"owner\":\"Lizeth Barton\"}',1,'2020-08-22 05:28:07','2020-12-23 15:12:41'),(75,43,'http://dropbox.net/vk/illum.avi',86448,'{\"owner\":\"Lulu Pouros\"}',1,'2013-02-04 18:15:32','2020-12-23 15:12:41'),(76,81,'http://dropbox.net/vk/qui.avi',98747,'{\"owner\":\"Santos Abshire\"}',4,'2018-09-10 20:09:46','2020-12-23 15:12:41'),(77,15,'http://dropbox.net/vk/iusto.mp3',999651867,'{\"owner\":\"Troy Beatty\"}',3,'2018-07-03 08:23:10','2020-12-23 15:12:41'),(78,14,'http://dropbox.net/vk/dolore.jpeg',70909,'{\"owner\":\"Santa Hintz\"}',3,'2012-08-11 00:13:05','2020-12-23 15:12:41'),(79,3,'http://dropbox.net/vk/ut.mp3',33392,'{\"owner\":\"Kaya Ratke\"}',4,'2013-12-06 17:39:27','2020-12-23 15:12:41'),(80,91,'http://dropbox.net/vk/mollitia.jpeg',69717,'{\"owner\":\"Porter Mohr\"}',3,'2020-09-30 00:05:57','2020-12-23 15:12:41'),(81,38,'http://dropbox.net/vk/vitae.png',47413,'{\"owner\":\"Brielle Kautzer\"}',3,'2013-05-28 05:46:16','2020-12-23 15:12:41'),(82,94,'http://dropbox.net/vk/quidem.png',26911,'{\"owner\":\"Pasquale Lueilwitz\"}',3,'2020-03-31 16:26:56','2020-12-23 15:12:41'),(83,63,'http://dropbox.net/vk/dicta.jpeg',10559,'{\"owner\":\"Nash Dickens\"}',3,'2017-05-21 21:57:25','2020-12-23 15:00:47'),(84,5,'http://dropbox.net/vk/ut.png',91320,'{\"owner\":\"Brionna Murphy\"}',4,'2014-07-01 08:39:49','2020-12-23 15:00:47'),(85,92,'http://dropbox.net/vk/sit.avi',26914,'{\"owner\":\"Madyson Kuvalis\"}',4,'2014-05-30 08:51:10','2020-12-23 15:12:41'),(86,50,'http://dropbox.net/vk/repellat.jpeg',995561319,'{\"owner\":\"Carissa Tillman\"}',3,'2020-03-04 09:01:30','2020-12-23 15:12:41'),(87,96,'http://dropbox.net/vk/culpa.jpeg',153755,'{\"owner\":\"Halie Ullrich\"}',4,'2018-08-08 19:06:15','2020-12-23 15:12:41'),(88,26,'http://dropbox.net/vk/delectus.avi',38018,'{\"owner\":\"Tina Reichel\"}',2,'2018-04-01 01:26:55','2020-12-23 15:12:41'),(89,64,'http://dropbox.net/vk/et.png',2412436,'{\"owner\":\"Destiney VonRueden\"}',4,'2013-12-12 14:26:55','2020-12-23 15:12:41'),(90,62,'http://dropbox.net/vk/non.avi',881466941,'{\"owner\":\"Titus Murray\"}',1,'2018-08-28 08:10:40','2020-12-23 15:12:41'),(91,17,'http://dropbox.net/vk/repudiandae.png',38796770,'{\"owner\":\"Melany Schowalter\"}',2,'2015-10-11 14:49:35','2020-12-23 15:12:41'),(92,19,'http://dropbox.net/vk/dolores.png',44013714,'{\"owner\":\"Kurt Pfannerstill\"}',4,'2019-08-08 10:51:57','2020-12-23 15:12:41'),(93,37,'http://dropbox.net/vk/quasi.jpeg',66747342,'{\"owner\":\"Demond Tromp\"}',1,'2017-12-21 19:15:21','2020-12-23 15:12:41'),(94,42,'http://dropbox.net/vk/accusantium.png',14608,'{\"owner\":\"Neal Cummerata\"}',1,'2020-04-20 17:28:08','2020-12-23 15:12:41'),(95,55,'http://dropbox.net/vk/placeat.mp3',74866,'{\"owner\":\"Theron McKenzie\"}',4,'2020-01-21 01:58:45','2020-12-23 15:12:41'),(96,78,'http://dropbox.net/vk/ipsum.jpeg',37420792,'{\"owner\":\"Willow Kirlin\"}',3,'2017-05-14 16:00:17','2020-12-23 15:12:41'),(97,61,'http://dropbox.net/vk/quibusdam.png',313406395,'{\"owner\":\"Javon Veum\"}',4,'2012-01-06 13:48:14','2020-12-23 15:12:41'),(98,34,'http://dropbox.net/vk/nulla.png',99371,'{\"owner\":\"Eryn Lockman\"}',4,'2020-08-24 15:14:42','2020-12-23 15:12:41'),(99,87,'http://dropbox.net/vk/dolore.mp3',576170080,'{\"owner\":\"Lizeth Barton\"}',1,'2013-01-21 01:43:01','2020-12-23 15:12:41'),(100,34,'http://dropbox.net/vk/illo.mp3',27529,'{\"owner\":\"Eryn Lockman\"}',3,'2017-10-08 12:04:46','2020-12-23 15:12:41');
/*!40000 ALTER TABLE `media` ENABLE KEYS */;
UNLOCK TABLES;

--
-- Table structure for table `media_types`
--

DROP TABLE IF EXISTS `media_types`;
/*!40101 SET @saved_cs_client     = @@character_set_client */;
/*!50503 SET character_set_client = utf8mb4 */;
CREATE TABLE `media_types` (
  `id` int unsigned NOT NULL AUTO_INCREMENT COMMENT '╨Ш╨┤╨╡╨╜╤В╨╕╤Д╨╕╨║╨░╤В╨╛╤А ╤Б╤В╤А╨╛╨║╨╕',
  `name` varchar(255) CHARACTER SET utf8 COLLATE utf8_unicode_ci NOT NULL COMMENT '╨Э╨░╨╖╨▓╨░╨╜╨╕╨╡ ╤В╨╕╨┐╨░',
  `created_at` datetime DEFAULT CURRENT_TIMESTAMP COMMENT '╨Т╤А╨╡╨╝╤П ╤Б╨╛╨╖╨┤╨░╨╜╨╕╤П ╤Б╤В╤А╨╛╨║╨╕',
  `updated_at` datetime DEFAULT CURRENT_TIMESTAMP ON UPDATE CURRENT_TIMESTAMP COMMENT '╨Т╤А╨╡╨╝╤П ╨╛╨▒╨╜╨╛╨▓╨╗╨╡╨╜╨╕╤П ╤Б╤В╤А╨╛╨║╨╕',
  PRIMARY KEY (`id`),
  UNIQUE KEY `name` (`name`)
) ENGINE=InnoDB AUTO_INCREMENT=5 DEFAULT CHARSET=utf8 COLLATE=utf8_unicode_ci COMMENT='╨в╨╕╨┐╤Л ╨╝╨╡╨┤╨╕╨░╤Д╨░╨╣╨╗╨╛╨▓';
/*!40101 SET character_set_client = @saved_cs_client */;

--
-- Dumping data for table `media_types`
--

LOCK TABLES `media_types` WRITE;
/*!40000 ALTER TABLE `media_types` DISABLE KEYS */;
INSERT INTO `media_types` VALUES (1,'image','2020-12-23 15:12:53','2020-12-23 15:12:53'),(2,'video','2020-12-23 15:12:53','2020-12-23 15:12:53'),(3,'audio','2020-12-23 15:12:53','2020-12-23 15:12:53'),(4,'files','2020-12-23 15:12:53','2020-12-23 15:12:53');
/*!40000 ALTER TABLE `media_types` ENABLE KEYS */;
UNLOCK TABLES;

--
-- Table structure for table `messages`
--

DROP TABLE IF EXISTS `messages`;
/*!40101 SET @saved_cs_client     = @@character_set_client */;
/*!50503 SET character_set_client = utf8mb4 */;
CREATE TABLE `messages` (
  `id` int unsigned NOT NULL AUTO_INCREMENT COMMENT '╨Ш╨┤╨╡╨╜╤В╨╕╤Д╨╕╨║╨░╤В╨╛╤А ╤Б╤В╤А╨╛╨║╨╕',
  `from_user_id` int unsigned NOT NULL COMMENT '╨б╤Б╤Л╨╗╨║╨░ ╨╜╨░ ╨╛╤В╨┐╤А╨░╨▓╨╕╤В╨╡╨╗╤П ╤Б╨╛╨╛╨▒╤Й╨╡╨╜╨╕╤П',
  `to_user_id` int unsigned NOT NULL COMMENT '╨б╤Б╤Л╨╗╨║╨░ ╨╜╨░ ╨┐╨╛╨╗╤Г╤З╨░╤В╨╡╨╗╤П ╤Б╨╛╨╛╨▒╤Й╨╡╨╜╨╕╤П',
  `body` text CHARACTER SET utf8 COLLATE utf8_unicode_ci NOT NULL COMMENT '╨в╨╡╨║╤Б╤В ╤Б╨╛╨╛╨▒╤Й╨╡╨╜╨╕╤П',
  `is_important` tinyint(1) DEFAULT NULL COMMENT '╨Я╤А╨╕╨╖╨╜╨░╨║ ╨▓╨░╨╢╨╜╨╛╤Б╤В╨╕',
  `is_delivered` tinyint(1) DEFAULT NULL COMMENT '╨Я╤А╨╕╨╖╨╜╨░╨║ ╨┤╨╛╤Б╤В╨░╨▓╨║╨╕',
  `created_at` datetime DEFAULT CURRENT_TIMESTAMP COMMENT '╨Т╤А╨╡╨╝╤П ╤Б╨╛╨╖╨┤╨░╨╜╨╕╤П ╤Б╤В╤А╨╛╨║╨╕',
  PRIMARY KEY (`id`)
) ENGINE=InnoDB AUTO_INCREMENT=101 DEFAULT CHARSET=utf8 COLLATE=utf8_unicode_ci COMMENT='╨б╨╛╨╛╨▒╤Й╨╡╨╜╨╕╤П';
/*!40101 SET character_set_client = @saved_cs_client */;

--
-- Dumping data for table `messages`
--

LOCK TABLES `messages` WRITE;
/*!40000 ALTER TABLE `messages` DISABLE KEYS */;
INSERT INTO `messages` VALUES (1,30,67,'Aut officiis magni numquam ab. Voluptates consequuntur nihil tenetur sit eos quibusdam voluptatem occaecati. Ut sit voluptatem fuga enim. Omnis est minus eveniet temporibus. Nobis culpa asperiores natus illo iusto voluptates et.',0,0,'2018-02-14 01:25:10'),(2,16,67,'Asperiores ut voluptatum illo quam quod vel repellat. Voluptatem at harum id sunt ipsa ipsa. Id fugit eveniet eligendi accusamus ut et porro. Similique minus et et. Tempora ut omnis laborum.',1,1,'2011-06-16 23:04:46'),(3,62,16,'Qui quis nostrum assumenda numquam sint eum. Sint ipsum iste enim quod assumenda iusto. Dolorum rerum perspiciatis nostrum aperiam eaque non quaerat blanditiis.',1,0,'2016-09-21 22:12:42'),(4,100,69,'Voluptas itaque sint totam eum unde et necessitatibus. Vel consectetur aut consequatur fugiat aut. Recusandae voluptas at similique dolore nobis. Aperiam earum nihil non. Est maiores est nihil provident similique ex.',1,1,'2018-04-12 15:30:47'),(5,65,85,'Beatae dolores vitae autem quam quos. Deleniti nihil sit minima. Autem eligendi et et soluta id. Laudantium asperiores illo molestiae esse inventore.',0,0,'2019-09-19 13:14:40'),(6,99,84,'Et sed modi inventore omnis temporibus non. Ea dignissimos possimus est tempore. Omnis quibusdam quis dignissimos sit aliquid.',1,0,'2017-01-18 04:46:49'),(7,17,38,'Et repellat laboriosam autem dignissimos temporibus delectus aliquid. Blanditiis ut autem porro. Sit cupiditate qui nisi rerum quae non.',1,1,'2020-02-22 07:41:40'),(8,47,69,'Sed nulla optio sunt ut optio expedita. Sit voluptatem ut dignissimos dolore aut ipsam est voluptatem. A officia sed a eos aperiam. Quasi qui est quas quod alias dolorem.',0,0,'2016-01-24 07:34:26'),(9,78,41,'Occaecati ut fugit eum ex minus alias aperiam ut. Modi placeat nisi quae ratione recusandae et quisquam. Ut quisquam ut voluptatibus aut deleniti est. Et rerum non possimus nostrum autem nam est.',0,0,'2016-12-08 13:28:18'),(10,49,8,'Voluptatum quam molestiae quia occaecati in et repudiandae. Illum sed porro similique. Sed id modi aliquid beatae error explicabo. Est distinctio et ratione architecto exercitationem.',0,0,'2015-10-07 06:08:09'),(11,21,60,'Earum repellat fugit ut enim at aperiam eos. Cupiditate nobis sint beatae aliquid. Placeat et voluptatem inventore.',0,1,'2013-12-10 03:20:53'),(12,11,12,'Quia qui et sunt rerum perspiciatis. Aut ut iusto quam amet officia aspernatur. Aut iusto quo quidem dolor.',0,1,'2019-08-02 23:50:38'),(13,47,57,'In accusantium enim explicabo rerum enim. Iusto a harum hic sint aliquam nihil a. Id consequuntur at laborum est esse ut. Consequatur id amet enim cupiditate qui non.',0,1,'2019-08-07 19:13:03'),(14,2,38,'Ratione error qui eligendi non et. Et neque aspernatur quam qui architecto rerum. Aut illum omnis voluptatem commodi quos non perferendis perspiciatis. Qui ratione aliquid impedit ea perferendis architecto.',1,0,'2019-08-01 19:34:12'),(15,65,87,'In mollitia consequuntur aspernatur facere qui sit magni. Assumenda dolores inventore maiores hic laudantium. Neque non error qui qui.',1,0,'2020-11-03 22:37:17'),(16,89,82,'Rem vero eum ea sed beatae. Sit qui dolorum ad quam. Beatae et recusandae similique possimus voluptas similique.',0,1,'2011-03-20 09:58:29'),(17,5,84,'Harum dolor fugiat corrupti velit accusantium nihil autem. Dolorem aliquam delectus aliquid tempore ut harum. Labore soluta rerum doloremque voluptatibus repudiandae et.',1,0,'2014-06-20 09:28:09'),(18,87,90,'Alias eum quia et impedit. Iste illum voluptatem quo repellendus eos. Expedita qui distinctio tempora nihil culpa delectus.',0,1,'2011-07-24 15:37:51'),(19,21,15,'Ut et est sint. Tenetur voluptatem laborum quis voluptate numquam aspernatur. Veniam vero illo qui enim dignissimos. Aut nihil soluta accusamus possimus possimus hic.',0,1,'2015-08-26 10:59:56'),(20,43,95,'Vel velit error repudiandae aut fugiat blanditiis quo. Vitae rerum odio minus enim quae tempore quae. Provident dolore odio quibusdam. Ut earum sunt sed magnam eveniet. Ipsa eaque neque veniam sequi.',0,0,'2015-06-07 05:01:43'),(21,70,99,'Corporis sed incidunt similique placeat consequatur. Quis ut nihil eum optio dolor at voluptatem. Quis sit deleniti optio repellat magni eos nihil.',1,0,'2013-10-07 08:38:15'),(22,50,96,'Ea aut laudantium provident ea quisquam ut. Minus iusto voluptas maxime. Sed dolorem atque ab consequatur. Aliquid aspernatur voluptatum illum aliquam quam.',0,1,'2011-05-06 14:51:19'),(23,26,25,'Ea hic officia quis. Omnis unde tenetur maiores eum delectus eos. Illum culpa autem sequi enim delectus. Laboriosam qui quas eveniet vero rerum sed molestias.',0,1,'2018-10-27 18:30:35'),(24,49,30,'Dicta natus non voluptates ratione mollitia. Mollitia quia animi est eligendi totam. Et fugiat eos quia et harum assumenda id. Placeat iure voluptas expedita inventore.',1,1,'2012-07-13 08:25:11'),(25,4,93,'Aut vitae sit et pariatur. Sapiente et odio nihil. Voluptatem est eveniet vero sequi molestiae cumque sequi. Doloribus sed ipsa hic a et.',0,1,'2016-01-19 21:27:21'),(26,17,26,'Blanditiis reiciendis dignissimos a enim sed magnam ducimus laborum. Vero vel aut libero voluptate sed in. Omnis non vel quas veritatis quis.',1,1,'2018-05-22 06:21:17'),(27,8,30,'Sit sint delectus corporis rerum consectetur laboriosam recusandae. Deleniti fuga magni ipsa eveniet doloremque sunt similique. Veniam vel quia doloribus velit fugiat quis fuga. Itaque recusandae ab laborum ut et. Id aliquid illo enim perferendis sed.',1,1,'2012-03-29 22:14:19'),(28,42,19,'Alias quis temporibus minus consequatur alias aliquid. Mollitia eveniet fugiat consequuntur nam ipsam et. Doloremque rerum iste enim sit et.',1,0,'2011-01-07 22:54:15'),(29,49,54,'Necessitatibus numquam eos omnis unde. Et magni consequuntur quidem dolor aut. Accusamus asperiores praesentium quaerat omnis provident animi aliquid. Aspernatur aut facere aut sit.',1,1,'2014-11-18 13:28:29'),(30,53,58,'Qui nesciunt voluptatibus voluptas rerum. Voluptatibus occaecati non distinctio dolor tempora cum est. Voluptatem quibusdam sit ut nihil et alias fugiat. Non voluptatem eos dolorem.',1,0,'2015-04-24 00:20:32'),(31,67,45,'Reprehenderit blanditiis totam doloremque sed harum nam alias. Qui velit quae dolor sit.',0,1,'2016-01-30 18:28:54'),(32,31,2,'Et voluptatem iure rerum ut consequatur. Exercitationem aut velit praesentium velit fugit explicabo et. Molestiae ut sit ducimus est quas.',1,1,'2015-11-08 18:13:13'),(33,33,31,'Omnis similique natus est voluptas quo. Nisi sequi sint aperiam occaecati commodi voluptas. Possimus voluptates occaecati explicabo porro repudiandae a. Ut omnis ea et a ut. Commodi laudantium molestias officia debitis in quo mollitia.',1,1,'2013-10-02 00:01:12'),(34,26,61,'Reiciendis quibusdam quos quae fugiat ex. Est pariatur sunt voluptatum eaque. Odio sit amet est voluptatum earum blanditiis ad. Rerum quis eaque nihil temporibus harum sequi quia.',0,1,'2018-04-23 09:49:04'),(35,24,39,'Non recusandae minus assumenda totam qui tempora quis. Assumenda deserunt molestias ullam voluptas omnis. Molestiae est eligendi labore occaecati inventore est.',1,1,'2017-07-21 09:18:12'),(36,9,5,'Quis repudiandae id non ratione eum saepe. Dicta dolorem adipisci in et eum. Eius ullam id voluptatibus repellat.',1,1,'2011-06-17 12:05:23'),(37,98,59,'Consequatur veritatis nostrum facilis ut sit fuga aut. Nisi et tempore fugiat iure quaerat. Minus ut est voluptatem in mollitia dolor ad aut. Consequatur reiciendis sit adipisci voluptate exercitationem autem dolorum.',0,0,'2011-06-29 21:45:16'),(38,35,100,'Earum iste corrupti ipsam suscipit recusandae et unde ut. Illum dolor vel et sit. Et molestias neque fugit quo dolores dolor et. Aut quod quas aut aut rerum voluptas. Error doloremque est et rem eum debitis repellendus odit.',1,1,'2014-07-15 00:51:44'),(39,9,68,'Est illo quia id suscipit iste optio ea impedit. Non a consequuntur quisquam eos nihil ducimus nulla. Quaerat adipisci iste aspernatur aut vitae eos. Id ea totam laudantium minus deleniti in nesciunt qui.',1,0,'2020-08-15 04:51:13'),(40,52,41,'Fugiat dolor tempora officiis enim omnis ad. Saepe ipsa laborum perspiciatis ut iste magnam iure. Alias ipsum autem veniam ullam incidunt. Possimus iure exercitationem repellendus voluptatem cupiditate fuga nihil.',0,1,'2011-09-11 03:26:20'),(41,59,9,'Aut voluptatum aut maiores tempore. Et ab perferendis et sunt. Et ratione quas tempora quis. Eos qui quae voluptas et reiciendis dolorum molestiae.',1,1,'2019-05-26 06:25:34'),(42,69,40,'In qui quas reiciendis et adipisci porro. Fugiat in aut animi cupiditate qui labore. A laborum esse dignissimos est sit et. Ipsum hic rerum veniam quia maiores quas.',1,1,'2020-01-10 05:33:25'),(43,91,95,'Inventore repudiandae voluptates pariatur aliquam. Fugiat odio vel modi eos odio et officiis.',0,1,'2013-01-23 17:18:44'),(44,27,59,'Molestiae sint quo dignissimos et natus quasi. Omnis atque nihil quia dolor et ut eos. Aut aspernatur numquam qui dignissimos et. Cumque repellat sit minima eveniet minus. Incidunt sed quas sint.',1,1,'2019-01-02 07:39:04'),(45,84,75,'A et consequuntur eos laboriosam consequatur illo. Nihil quis et laborum fugit molestiae. Tempora et eum magnam iusto voluptatem numquam animi.',0,0,'2013-08-26 22:23:02'),(46,31,34,'Quaerat fuga reiciendis velit et. Qui ullam impedit quis excepturi. Est quia sapiente eum ex debitis molestiae incidunt praesentium.',0,1,'2017-10-10 11:08:45'),(47,42,83,'Consectetur et omnis recusandae eum est. Eligendi enim fugiat hic qui quasi ut omnis. Modi eum voluptatibus omnis expedita sed. Velit est id qui.',1,0,'2017-11-01 19:04:44'),(48,96,98,'Quam consectetur similique tenetur occaecati non perspiciatis molestias. Eum harum ratione veniam voluptas id a doloremque. Ratione et optio corporis et sunt iste.',0,0,'2013-08-29 11:58:09'),(49,54,26,'Et et earum enim. Et et repudiandae rerum id explicabo eum rerum. Voluptatibus eos saepe velit. Rerum sequi expedita quasi qui impedit ut natus.',1,0,'2017-11-22 05:42:00'),(50,12,89,'Et omnis cumque aut soluta ducimus praesentium recusandae voluptatem. Consequatur maiores modi omnis alias voluptatibus velit. Est laborum recusandae fugiat ab sit facere. Cupiditate earum et sit autem perspiciatis sequi perspiciatis.',1,1,'2016-11-08 19:32:24'),(51,40,34,'Nesciunt omnis optio dolorum neque incidunt in. Officia ut doloremque id.',1,0,'2012-04-01 21:57:23'),(52,59,59,'Beatae qui veniam labore voluptatibus voluptatem. Non non quasi quae veritatis dolor illum.',1,0,'2015-01-02 20:04:53'),(53,15,35,'Enim id quas similique laboriosam. Totam ex voluptates iure ex provident voluptatem ea eos. Laboriosam esse eum nihil porro repudiandae blanditiis.',0,0,'2015-02-17 12:44:33'),(54,25,83,'Beatae quos consequatur optio. Similique commodi debitis libero fugiat neque dolore molestias. Ut magnam unde aliquid. Et illo deleniti dolore assumenda est labore.',0,1,'2016-07-06 16:15:18'),(55,53,53,'Nemo qui tempora neque sit eveniet error. Dolor excepturi debitis tenetur commodi consequatur quis ab. Dolorum distinctio omnis qui nam esse aliquam nihil voluptatem.',0,1,'2018-08-07 22:34:06'),(56,73,81,'Illo labore repellendus nisi cumque incidunt commodi. Numquam sunt blanditiis nihil numquam nulla. Non mollitia cupiditate et voluptatibus veniam repudiandae.',1,1,'2020-06-04 06:22:01'),(57,61,71,'Distinctio ad dolores quibusdam temporibus officiis nihil minima. Qui omnis asperiores fugiat ea modi pariatur architecto ut. Veniam aliquam minus rerum quos illum sunt.',0,0,'2015-04-01 17:45:43'),(58,95,46,'Ut aut sunt vel praesentium similique sint adipisci. Quod et eveniet quia ea cumque dolorem maiores minima. Explicabo omnis quia ut error esse quae. In libero ipsam aliquid enim. Veniam similique qui alias et corrupti blanditiis.',1,0,'2013-04-13 16:07:35'),(59,35,98,'Blanditiis est nesciunt sed est sunt perspiciatis nostrum. Sed ut molestias est. Et quia quaerat odit. Doloremque dicta accusamus aliquam illum.',1,0,'2013-09-28 09:36:48'),(60,37,71,'Nisi nobis culpa eos esse et unde hic sed. Ullam eos non odit omnis repudiandae.',1,1,'2016-07-14 20:30:24'),(61,17,79,'Debitis consequatur repellendus minima. Asperiores magni cum repellat assumenda voluptatem inventore rerum. Et doloribus eius ullam est maiores possimus qui aut. Quam quos quia deserunt velit est. Repellat rerum velit quia non.',0,1,'2018-09-23 19:11:12'),(62,30,76,'Ut in aut sed laborum quia voluptatem minus est. Dignissimos sunt nemo quod dolorem. Voluptas tempora soluta ullam. Sunt doloremque mollitia provident est et hic.',0,0,'2015-05-09 19:55:20'),(63,75,8,'Quidem itaque repellat fugit. Adipisci ab in modi id. Voluptatem deserunt ut sed consequatur velit. Quisquam tempora sint ut eligendi.',0,0,'2020-03-10 14:25:53'),(64,68,45,'Magnam numquam omnis sint delectus. Fuga laboriosam aliquid aut sit. In voluptate reiciendis sed impedit et.',1,0,'2014-05-09 21:33:14'),(65,95,48,'Error sed doloribus optio non molestiae autem nulla. Qui distinctio est enim aut eum et est quisquam. Occaecati expedita suscipit et velit optio.',0,1,'2013-07-07 16:39:10'),(66,13,57,'Quo quis qui et facilis esse fuga et. Sunt iure blanditiis explicabo et. Omnis et totam ut ut perspiciatis cumque. Voluptas corrupti consequatur corporis aut laborum.',1,0,'2017-02-11 08:07:08'),(67,43,19,'Aliquid laborum nisi fugit nesciunt modi magni. Beatae saepe amet voluptatem accusamus et natus aperiam. Quidem ut vel rem voluptatem ut minus quod. Minus dolor quia ut quasi quis.',0,1,'2014-04-26 04:19:41'),(68,63,46,'Et sint officia ea voluptas est quidem ut. Ipsa omnis nihil rerum ut excepturi. Totam iste et temporibus. Adipisci rerum sint ut cumque quo reprehenderit sed.',1,1,'2017-07-13 14:50:29'),(69,85,21,'Fugit totam corporis ducimus laborum et excepturi. Sint quod non rem sed non quos similique ut. Occaecati aut ratione ex expedita occaecati reprehenderit.',1,0,'2020-04-25 19:28:17'),(70,36,50,'Sunt eos quam deleniti aliquid. Perspiciatis officiis deleniti aut ipsum. Eos fugit dignissimos quos vel eligendi sequi porro. Illo sed atque iure quis consequuntur.',0,1,'2020-11-10 15:56:59'),(71,83,34,'Reiciendis voluptatibus voluptates aut sapiente. Quo debitis facilis consequuntur distinctio. Consequuntur quo alias dolorem rerum.',0,0,'2018-03-01 06:59:53'),(72,88,85,'Illum quod repellendus voluptatem quae. Et placeat quae et et.',0,0,'2011-12-13 08:18:57'),(73,69,96,'Exercitationem dignissimos occaecati sapiente iure et. Qui non quas rerum iure iste corporis. Quasi amet id asperiores enim exercitationem porro dicta.',1,1,'2019-02-04 00:10:35'),(74,66,21,'Distinctio consequuntur facere et iusto aliquid commodi nam. Sed voluptatem voluptate fugiat quas provident eius. Eos non magni facilis maiores nihil perferendis fuga. Ea ducimus saepe est aliquam veniam.',1,0,'2013-04-12 18:36:22'),(75,85,45,'Laboriosam et officiis animi. Illo reiciendis provident magnam sit dolores id vitae.',0,0,'2019-05-15 03:43:55'),(76,99,37,'Dolorum ipsam facere aut a earum deleniti ut. Sed optio aut rerum tempore voluptates. Dolores quisquam animi doloremque voluptatibus tenetur eum. Minus ipsum enim et maxime. Nisi repellendus fugit doloribus sed sed.',1,1,'2019-08-20 02:33:10'),(77,18,46,'Est sunt deleniti perspiciatis aperiam aut quae. Vero sapiente temporibus expedita. Qui eum libero molestiae ut molestias molestiae et aut. Sunt tempore totam sed accusantium corrupti. Suscipit blanditiis ducimus excepturi voluptatem.',0,0,'2011-08-15 14:23:08'),(78,74,98,'At architecto quia nisi delectus. Fugiat praesentium nesciunt in dolor distinctio distinctio ut. Corrupti aut velit velit quam natus aliquid.',1,1,'2020-06-22 19:05:58'),(79,26,31,'Officiis et placeat voluptas ipsum eligendi unde. Sequi et ea et laboriosam debitis. Reiciendis incidunt officiis aut et sed eveniet.',0,1,'2016-07-07 14:14:03'),(80,62,62,'Explicabo vel ut ex quae repellendus ut voluptas. Quo voluptatum quo vel dolores qui et corrupti. Non dolor corrupti consectetur error sit.',1,1,'2015-08-18 01:45:29'),(81,58,36,'Saepe a numquam ad cumque occaecati. Qui quasi veniam autem voluptates ab qui. Aliquam dolor deleniti voluptas et. Ex a unde amet vitae saepe dignissimos.',1,1,'2013-11-30 18:40:41'),(82,61,13,'Ea non rerum aut quidem dolor qui ullam. Quisquam accusantium omnis eaque dolorem iusto dolores omnis. Nulla similique iure itaque nobis perspiciatis aut voluptatem soluta.',0,0,'2015-06-01 04:32:30'),(83,31,95,'Porro sunt odio eos. Maiores voluptatem eos officia. Et esse accusantium in.',1,1,'2018-10-11 11:14:19'),(84,76,7,'Asperiores rerum tempora dignissimos placeat quo officiis. Vel illo dignissimos dolorem. Velit ducimus corrupti sed eveniet ut illum. Quam ipsa quas eos architecto possimus cupiditate.',1,0,'2016-12-24 11:27:36'),(85,61,84,'Vel sed error sed et autem veritatis. Ad aspernatur sunt tempora in quis. Atque amet possimus non ut vel.',0,0,'2013-08-26 06:11:02'),(86,7,75,'Id nihil ut omnis et. Odit rem et ut fugiat eum et. Cumque illo eum reprehenderit ducimus aut. Quia cupiditate aut quo doloribus fugit veritatis officiis.',0,0,'2016-03-27 13:02:09'),(87,16,77,'Et architecto et sed sunt aut quo quod. Est earum molestias et et et dignissimos. Temporibus ullam cupiditate laborum dolor perferendis et repudiandae. Natus et dignissimos dolorem.',0,0,'2014-08-16 16:42:47'),(88,45,49,'Mollitia qui reiciendis velit velit non. Illo repudiandae eius qui consequatur modi fugit. Error non laudantium quidem fugiat incidunt unde animi.',0,0,'2017-11-27 07:11:06'),(89,41,45,'Cumque rerum deleniti et alias. Architecto aut quod labore sunt et officiis autem quam. Quis ad asperiores quae enim pariatur. Ex ex sit et sunt doloremque accusamus. Quo vel sit fugit ullam officiis eius possimus.',1,1,'2014-09-14 18:36:31'),(90,96,56,'Tenetur ducimus aut autem enim temporibus vitae voluptatem. Sed consectetur autem veniam ad unde eius. Id porro est adipisci dolor doloremque sapiente. Aliquam accusantium iusto modi quia qui quod totam dolor.',1,0,'2014-03-21 04:20:12'),(91,99,65,'Totam ut maxime distinctio quo reprehenderit non voluptates. Quos molestias aut doloremque. Aperiam et voluptates libero sit.',0,0,'2019-07-03 17:22:40'),(92,36,9,'Est ut dolor numquam eligendi expedita. Saepe eum a at aut. Maiores atque vel nostrum ipsam aliquid ut.',0,0,'2013-07-07 13:30:45'),(93,70,73,'Voluptas nam voluptas praesentium reiciendis consequuntur omnis eum nesciunt. Et id qui molestiae molestiae. Fugiat impedit neque eum quos ab reiciendis quia. Est amet et unde omnis voluptas distinctio quia.',1,0,'2012-08-11 21:13:19'),(94,81,68,'Earum non totam neque. Laborum officia et laudantium eum architecto minus ratione.',0,0,'2012-09-21 06:15:30'),(95,24,79,'Eos quia adipisci fugiat qui sapiente qui animi et. Vel quia voluptatum odio enim possimus. Et aut ex enim.',1,1,'2014-10-06 06:18:02'),(96,22,66,'Ipsa non quisquam porro at qui ut eos est. Voluptas sint culpa quis id dolore. Recusandae minima a et fugit. Excepturi officia ut et minima et commodi repellat.',1,0,'2011-01-10 03:03:22'),(97,72,62,'Vero dolore sint est velit repudiandae placeat expedita. Adipisci repudiandae quis deserunt a soluta.',1,0,'2019-08-26 18:07:25'),(98,91,20,'Ratione eius accusantium magni. Doloribus voluptas ut commodi sed dolore. Maxime tenetur eos sit quod. Rerum voluptate eos asperiores non.',1,1,'2013-12-04 07:07:51'),(99,50,100,'Quo voluptatem consequatur rerum quam. Sit est reprehenderit ut delectus voluptates vero voluptatum. Aut reiciendis qui dolor.',0,0,'2017-07-06 02:07:00'),(100,59,49,'Ut ea omnis occaecati animi ullam. Iure voluptas molestiae maxime praesentium placeat vero voluptatem veniam. Perferendis ut ea sint omnis eos illo.',0,0,'2016-12-06 19:55:15');
/*!40000 ALTER TABLE `messages` ENABLE KEYS */;
UNLOCK TABLES;

--
-- Table structure for table `profiles`
--

DROP TABLE IF EXISTS `profiles`;
/*!40101 SET @saved_cs_client     = @@character_set_client */;
/*!50503 SET character_set_client = utf8mb4 */;
CREATE TABLE `profiles` (
  `user_id` int unsigned NOT NULL COMMENT '╨б╤Б╤Л╨╗╨║╨░ ╨╜╨░ ╨┐╨╛╨╗╤М╨╖╨╛╨▓╨░╤В╨╡╨╗╤П',
  `gender` enum('M','F') COLLATE utf8_unicode_ci DEFAULT NULL,
  `birthday` date DEFAULT NULL COMMENT '╨Ф╨░╤В╨░ ╤А╨╛╨╢╨┤╨╡╨╜╨╕╤П',
  `city` varchar(130) CHARACTER SET utf8 COLLATE utf8_unicode_ci DEFAULT NULL COMMENT '╨У╨╛╤А╨╛╨┤ ╨┐╤А╨╛╨╢╨╕╨▓╨░╨╜╨╕╤П',
  `country` varchar(130) CHARACTER SET utf8 COLLATE utf8_unicode_ci DEFAULT NULL COMMENT '╨б╤В╤А╨░╨╜╨░ ╨┐╤А╨╛╨╢╨╕╨▓╨░╨╜╨╕╤П',
  `created_at` datetime DEFAULT CURRENT_TIMESTAMP COMMENT '╨Т╤А╨╡╨╝╤П ╤Б╨╛╨╖╨┤╨░╨╜╨╕╤П ╤Б╤В╤А╨╛╨║╨╕',
  `updated_at` datetime DEFAULT CURRENT_TIMESTAMP ON UPDATE CURRENT_TIMESTAMP COMMENT '╨Т╤А╨╡╨╝╤П ╨╛╨▒╨╜╨╛╨▓╨╗╨╡╨╜╨╕╤П ╤Б╤В╤А╨╛╨║╨╕',
  PRIMARY KEY (`user_id`)
) ENGINE=InnoDB DEFAULT CHARSET=utf8 COLLATE=utf8_unicode_ci COMMENT='╨Я╤А╨╛╤Д╨╕╨╗╨╕';
/*!40101 SET character_set_client = @saved_cs_client */;

--
-- Dumping data for table `profiles`
--

LOCK TABLES `profiles` WRITE;
/*!40000 ALTER TABLE `profiles` DISABLE KEYS */;
INSERT INTO `profiles` VALUES (1,'F','1974-06-06','Beulahburgh','Palestinian Territory','2013-06-23 19:43:00','2020-12-23 13:31:33'),(2,'M','2002-06-14','Port Valentina','Antigua and Barbuda','2017-05-22 07:55:56','2020-12-23 13:31:33'),(3,'F','1999-03-31','Hegmanntown','Nigeria','2015-02-02 09:40:27','2020-12-23 12:37:18'),(4,'M','1994-10-27','Skilesland','Ireland','2012-07-24 22:39:24','2020-12-23 12:37:18'),(5,'M','2009-04-14','Rempelview','Andorra','2019-11-26 20:42:56','2020-12-23 13:31:33'),(6,'M','2009-08-16','South Darioburgh','Mayotte','2011-02-08 19:23:49','2020-12-23 12:37:18'),(7,'M','1991-07-08','Port Agustina','Iraq','2017-01-16 20:04:25','2020-12-23 12:37:18'),(8,'M','1989-05-12','Sashashire','Reunion','2016-04-23 10:30:29','2020-12-23 13:31:33'),(9,'F','2008-12-06','South Blanche','United States Virgin Islands','2012-12-06 11:06:01','2020-12-23 13:31:33'),(10,'F','1976-09-21','Port Braxton','Mongolia','2020-01-23 03:04:33','2020-12-23 13:31:33'),(11,'M','1983-08-14','Hyattborough','Qatar','2012-04-20 05:29:57','2020-12-23 13:31:33'),(12,'F','1995-05-20','Handborough','Ethiopia','2011-11-19 22:50:38','2020-12-23 12:37:19'),(13,'F','1986-12-03','West Emanuel','Vanuatu','2016-07-25 16:35:38','2020-12-23 12:37:19'),(14,'F','2004-02-08','New Rafaelview','Saint Helena','2016-08-09 16:46:46','2020-12-23 12:37:19'),(15,'F','1998-08-30','East Garry','Afghanistan','2012-10-30 13:03:14','2020-12-23 13:31:33'),(16,'M','1978-08-10','Ziemannfurt','Venezuela','2016-09-02 09:40:12','2020-12-23 12:37:19'),(17,'F','2000-04-13','Vivianneport','Saint Pierre and Miquelon','2014-11-22 17:18:45','2020-12-23 13:31:33'),(18,'M','2019-04-24','Schmelertown','Uruguay','2011-09-05 14:25:21','2020-12-23 12:37:19'),(19,'F','1990-01-03','Dietrichberg','Montenegro','2012-10-08 01:21:42','2020-12-23 13:31:33'),(20,'M','2009-09-29','O\'Kontown','Guam','2016-01-21 13:16:44','2020-12-23 13:31:33'),(21,'M','2011-11-20','Jenkinsfurt','Israel','2019-12-23 15:32:59','2020-12-23 12:37:19'),(22,'M','1992-05-18','Baumbachberg','Gibraltar','2011-08-15 09:19:04','2020-12-23 13:31:33'),(23,'F','1984-06-11','East Lawrencehaven','Algeria','2011-09-17 03:47:15','2020-12-23 13:31:33'),(24,'F','1992-01-10','Lake Laurel','Cape Verde','2017-01-31 22:20:37','2020-12-23 12:37:19'),(25,'M','1972-09-18','New Keaton','Solomon Islands','2020-05-10 01:29:42','2020-12-23 12:37:19'),(26,'F','1978-05-19','Lake Peggie','Gambia','2013-09-15 16:27:04','2020-12-23 12:37:19'),(27,'M','2017-08-23','West Libbiechester','Tonga','2018-03-24 16:36:57','2020-12-23 12:37:19'),(28,'F','1980-11-07','Maryjanefurt','Cameroon','2013-08-07 21:54:01','2020-12-23 12:37:19'),(29,'F','2014-03-05','South Ewaldside','Guinea-Bissau','2018-09-20 00:47:41','2020-12-23 13:31:33'),(30,'F','2002-11-30','Columbuston','Saudi Arabia','2015-03-10 13:21:22','2020-12-23 12:37:19'),(31,'M','2012-03-25','Leannontown','Sweden','2013-04-29 14:10:36','2020-12-23 12:37:19'),(32,'M','1970-11-30','East Madisen','Pakistan','2019-06-25 23:13:24','2020-12-23 13:31:33'),(33,'M','2016-09-29','North Isabelle','Peru','2011-01-09 04:55:47','2020-12-23 12:37:19'),(34,'M','2009-03-24','West Elnoraview','Djibouti','2018-04-17 14:14:04','2020-12-23 13:31:33'),(35,'M','2017-01-04','Pfannerstillbury','Lesotho','2013-11-01 00:04:36','2020-12-23 12:37:19'),(36,'M','1982-11-06','Emmerichstad','South Africa','2020-11-01 01:37:30','2020-12-23 13:31:33'),(37,'M','2000-12-21','Nicholetown','Sweden','2018-09-04 02:53:34','2020-12-23 12:37:19'),(38,'F','1996-10-12','North Chayatown','Sri Lanka','2011-08-02 05:50:07','2020-12-23 12:37:19'),(39,'M','1990-02-14','Lake Delta','Anguilla','2019-10-30 23:31:36','2020-12-23 12:37:19'),(40,'M','1978-01-09','North Dasia','Kuwait','2018-08-23 09:47:33','2020-12-23 13:31:33'),(41,'M','2015-06-12','Douglasside','Mali','2014-10-26 16:27:44','2020-12-23 12:37:19'),(42,'F','1970-05-21','South Destinland','Oman','2019-03-07 17:31:49','2020-12-23 12:37:19'),(43,'F','2004-02-18','West Rozellafurt','Saint Vincent and the Grenadines','2012-02-06 12:47:40','2020-12-23 13:31:33'),(44,'F','1977-01-31','Rauview','Liechtenstein','2014-11-10 09:26:24','2020-12-23 12:37:19'),(45,'F','1980-05-16','Port Cathrine','Bhutan','2015-09-25 18:47:52','2020-12-23 13:31:33'),(46,'F','2002-08-12','Port Ebony','Rwanda','2012-03-30 20:51:00','2020-12-23 12:37:19'),(47,'F','1995-10-11','Kohlerfurt','American Samoa','2017-11-15 01:13:09','2020-12-23 13:31:33'),(48,'F','1974-05-11','Windlerfurt','Bhutan','2011-11-16 13:17:16','2020-12-23 13:31:33'),(49,'M','1971-06-09','Wisokyville','Czech Republic','2014-11-04 19:43:46','2020-12-23 12:37:19'),(50,'F','1987-01-29','Bartonhaven','Pakistan','2017-01-20 23:06:43','2020-12-23 13:31:33'),(51,'M','1973-12-19','North Ervinland','Saint Kitts and Nevis','2013-12-08 16:19:29','2020-12-23 13:31:33'),(52,'F','2010-08-01','Yadirahaven','Cyprus','2020-06-20 14:59:18','2020-12-23 12:37:19'),(53,'M','1970-02-09','Tillmanville','Chad','2015-05-31 06:44:50','2020-12-23 13:31:33'),(54,'M','1981-12-30','New Krystelburgh','Bhutan','2020-03-07 05:41:56','2020-12-23 13:31:33'),(55,'M','1994-11-10','Champlinburgh','Heard Island and McDonald Islands','2015-07-18 07:14:42','2020-12-23 13:31:33'),(56,'M','2006-04-05','Pacochamouth','Jordan','2015-12-04 11:32:01','2020-12-23 12:37:19'),(57,'F','2018-10-06','South Vida','Georgia','2018-02-03 22:12:15','2020-12-23 12:37:19'),(58,'M','1981-08-04','Port Roma','New Zealand','2013-04-08 21:55:22','2020-12-23 13:31:33'),(59,'M','2009-01-15','New Tessie','Antarctica (the territory South of 60 deg S)','2014-02-21 07:58:49','2020-12-23 12:37:19'),(60,'M','1996-04-18','Port Khalil','Peru','2013-09-27 06:55:03','2020-12-23 12:37:19'),(61,'M','2013-09-20','West Robertastad','Cuba','2017-09-01 12:28:18','2020-12-23 12:37:19'),(62,'F','1992-04-12','West Riley','Finland','2011-12-13 23:23:20','2020-12-23 12:37:19'),(63,'F','1974-03-03','Brekkemouth','Yemen','2015-05-04 22:34:22','2020-12-23 13:31:33'),(64,'M','2004-07-01','New Keyontown','Argentina','2014-07-20 22:18:36','2020-12-23 12:37:19'),(65,'F','1982-12-14','South Jessicastad','French Southern Territories','2013-01-15 18:04:26','2020-12-23 12:37:19'),(66,'M','1999-12-16','East Gregoria','Kiribati','2019-12-16 00:42:19','2020-12-23 13:31:33'),(67,'M','2002-04-19','Wehnerville','Solomon Islands','2017-03-23 09:28:02','2020-12-23 12:37:19'),(68,'M','1999-06-13','East Jewelton','Barbados','2020-11-21 02:12:31','2020-12-23 12:37:19'),(69,'F','1994-06-14','Wilfredoberg','British Virgin Islands','2015-04-13 00:52:09','2020-12-23 12:37:19'),(70,'M','1970-05-10','Lucileborough','Estonia','2011-11-25 22:29:50','2020-12-23 13:31:33'),(71,'M','1989-08-25','East Maraville','Vanuatu','2017-06-23 05:42:21','2020-12-23 13:31:33'),(72,'F','1982-06-27','Lake Edmondland','Austria','2013-03-29 16:51:46','2020-12-23 12:37:19'),(73,'F','2015-06-13','South Jannieland','Nauru','2020-04-08 18:03:27','2020-12-23 12:37:19'),(74,'F','1987-10-11','Kamrenburgh','Saint Barthelemy','2018-04-28 04:55:16','2020-12-23 13:31:33'),(75,'M','1986-04-16','Quintenland','Latvia','2020-12-09 00:54:55','2020-12-23 12:37:19'),(76,'F','2007-11-21','Jazlynton','Algeria','2011-12-09 17:58:26','2020-12-23 13:31:33'),(77,'M','1993-10-13','East Gordon','Cuba','2014-05-02 12:51:01','2020-12-23 12:37:19'),(78,'F','2012-04-23','North Kendall','Palau','2012-02-01 02:49:04','2020-12-23 13:31:33'),(79,'M','1995-02-08','Port Rowlandville','Libyan Arab Jamahiriya','2011-09-02 19:55:40','2020-12-23 12:37:19'),(80,'M','2016-12-05','North Aurelio','Switzerland','2017-09-25 21:13:52','2020-12-23 12:37:19'),(81,'F','1971-02-22','Harleyhaven','Guernsey','2014-02-11 00:14:17','2020-12-23 13:31:33'),(82,'F','1986-10-22','South Rodland','Pakistan','2013-01-07 11:22:48','2020-12-23 13:31:33'),(83,'F','2001-03-23','North Alliechester','Saint Kitts and Nevis','2015-11-10 00:14:53','2020-12-23 12:37:19'),(84,'F','1975-07-07','Jaskolskiberg','Falkland Islands (Malvinas)','2017-01-28 03:33:25','2020-12-23 12:37:19'),(85,'F','2010-01-13','Rosarioburgh','Iraq','2014-03-27 01:48:37','2020-12-23 12:37:19'),(86,'F','2010-03-04','Greenholthaven','Zimbabwe','2016-09-07 09:52:17','2020-12-23 13:31:33'),(87,'F','1978-08-10','Conniechester','Saint Lucia','2012-03-18 12:35:01','2020-12-23 13:31:33'),(88,'F','2015-12-30','Port Oswaldhaven','Zimbabwe','2015-01-01 19:34:30','2020-12-23 12:37:19'),(89,'F','1983-11-07','Budbury','Morocco','2015-11-18 21:12:04','2020-12-23 13:31:33'),(90,'M','2008-03-22','Hillsville','Netherlands Antilles','2014-12-04 19:35:45','2020-12-23 13:31:33'),(91,'F','1981-05-22','Port Kellyfort','Bhutan','2014-10-28 10:39:45','2020-12-23 13:31:33'),(92,'M','1992-12-18','New Eloisaburgh','Brazil','2018-04-29 04:07:11','2020-12-23 13:31:33'),(93,'F','1973-06-09','North Mckenziehaven','Denmark','2016-06-13 17:19:38','2020-12-23 13:31:33'),(94,'M','1979-01-07','Weberland','Netherlands Antilles','2017-06-23 07:23:20','2020-12-23 13:31:33'),(95,'M','2012-10-06','Pollichchester','British Indian Ocean Territory (Chagos Archipelago)','2019-11-24 08:36:53','2020-12-23 12:37:19'),(96,'F','1998-05-28','East Clare','Poland','2017-06-23 08:02:52','2020-12-23 12:37:19'),(97,'F','2009-11-12','Naderview','Barbados','2017-12-23 10:52:41','2020-12-23 13:31:33'),(98,'M','2017-09-03','Hickleside','Cyprus','2013-01-09 04:51:47','2020-12-23 13:31:33'),(99,'M','1980-11-24','New Raegan','Kyrgyz Republic','2014-05-17 22:39:25','2020-12-23 12:37:19'),(100,'M','1993-02-27','Larsonmouth','Tanzania','2016-06-01 13:23:46','2020-12-23 13:31:33');
/*!40000 ALTER TABLE `profiles` ENABLE KEYS */;
UNLOCK TABLES;

--
-- Table structure for table `users`
--

DROP TABLE IF EXISTS `users`;
/*!40101 SET @saved_cs_client     = @@character_set_client */;
/*!50503 SET character_set_client = utf8mb4 */;
CREATE TABLE `users` (
  `id` int unsigned NOT NULL AUTO_INCREMENT COMMENT '╨Ш╨┤╨╡╨╜╤В╨╕╤Д╨╕╨║╨░╤В╨╛╤А ╤Б╤В╤А╨╛╨║╨╕',
  `first_name` varchar(100) CHARACTER SET utf8 COLLATE utf8_unicode_ci NOT NULL COMMENT '╨Ш╨╝╤П ╨┐╨╛╨╗╤М╨╖╨╛╨▓╨░╤В╨╡╨╗╤П',
  `last_name` varchar(100) CHARACTER SET utf8 COLLATE utf8_unicode_ci NOT NULL COMMENT '╨д╨░╨╝╨╕╨╗╨╕╤П ╨┐╨╛╨╗╤М╨╖╨╛╨▓╨░╤В╨╡╨╗╤П',
  `email` varchar(100) CHARACTER SET utf8 COLLATE utf8_unicode_ci NOT NULL COMMENT '╨Я╨╛╤З╤В╨░',
  `phone` varchar(100) CHARACTER SET utf8 COLLATE utf8_unicode_ci NOT NULL COMMENT '╨в╨╡╨╗╨╡╤Д╨╛╨╜',
  `created_at` datetime DEFAULT CURRENT_TIMESTAMP COMMENT '╨Т╤А╨╡╨╝╤П ╤Б╨╛╨╖╨┤╨░╨╜╨╕╤П ╤Б╤В╤А╨╛╨║╨╕',
  `updated_at` datetime DEFAULT CURRENT_TIMESTAMP ON UPDATE CURRENT_TIMESTAMP COMMENT '╨Т╤А╨╡╨╝╤П ╨╛╨▒╨╜╨╛╨▓╨╗╨╡╨╜╨╕╤П ╤Б╤В╤А╨╛╨║╨╕',
  PRIMARY KEY (`id`),
  UNIQUE KEY `email` (`email`),
  UNIQUE KEY `phone` (`phone`)
) ENGINE=InnoDB AUTO_INCREMENT=101 DEFAULT CHARSET=utf8 COLLATE=utf8_unicode_ci COMMENT='╨Я╨╛╨╗╤М╨╖╨╛╨▓╨░╤В╨╡╨╗╨╕';
/*!40101 SET character_set_client = @saved_cs_client */;

--
-- Dumping data for table `users`
--

LOCK TABLES `users` WRITE;
/*!40000 ALTER TABLE `users` DISABLE KEYS */;
INSERT INTO `users` VALUES (1,'Green','Walker','dolly.dietrich@example.com','786-151-5723x8201','1972-12-13 21:23:31','1999-07-02 21:39:30'),(2,'Harmon','Tremblay','maia.haag@example.org','537.130.6947x640','1957-12-17 11:37:08','2012-09-01 11:53:18'),(3,'Kaya','Ratke','davis.emmet@example.net','479.143.1568x1054','1954-09-14 20:22:00','1975-08-01 15:27:13'),(4,'Edd','Willms','monique30@example.com','(375)249-6747x876','1928-03-29 20:01:40','1990-07-11 00:42:38'),(5,'Brionna','Murphy','haley.romaine@example.net','(300)538-2945x303','1956-03-26 17:39:27','1989-12-10 06:17:55'),(6,'Vernie','Lakin','clinton80@example.com','(408)207-8043x9797','1955-05-05 00:23:23','1986-05-09 09:14:41'),(7,'Blair','Ondricka','oschoen@example.com','302.132.1039','1994-04-17 05:33:08','1998-07-15 16:46:21'),(8,'Armando','Yost','heller.alysha@example.org','761.857.3024x452','2008-10-13 09:32:51','2020-12-23 13:09:04'),(9,'Asha','Mills','mklein@example.com','1-939-495-3611x312','1994-09-22 10:15:54','2016-07-11 08:09:09'),(10,'Leann','Abernathy','hlowe@example.com','01685924765','1937-08-29 12:38:53','1977-02-05 21:07:04'),(11,'Shanny','Hills','vella.dietrich@example.org','733.378.4607x7180','1956-03-24 17:09:20','1987-01-19 10:05:44'),(12,'Shawn','O\'Reilly','fmacejkovic@example.org','06446832833','1947-10-13 16:26:35','1987-10-11 11:35:33'),(13,'Sonya','Walsh','corkery.isom@example.com','131-319-8528','2001-04-16 11:39:38','2016-08-27 20:42:36'),(14,'Santa','Hintz','iledner@example.org','536-875-7143x78812','1980-04-19 21:43:06','2017-12-15 13:07:44'),(15,'Troy','Beatty','lance.lesch@example.net','02376077750','1974-02-26 12:11:25','1986-12-27 03:11:36'),(16,'Imani','Bednar','petra.johnston@example.net','(522)370-6872','1995-07-29 11:12:46','2020-12-23 13:09:04'),(17,'Melany','Schowalter','kari.davis@example.org','553-999-9962','1992-01-26 08:01:25','1998-03-06 11:01:19'),(18,'Nikita','Fisher','welch.nels@example.com','1-898-412-2117x190','1926-05-13 09:44:15','1994-12-21 17:16:08'),(19,'Kurt','Pfannerstill','leuschke.teagan@example.com','+65(2)2807347003','2000-11-09 20:27:11','2020-12-23 13:09:04'),(20,'Ally','Willms','brannon56@example.org','1-737-581-9822','2018-05-16 09:05:50','2020-12-23 13:09:04'),(21,'Kyra','Rowe','labernathy@example.org','(554)222-2490x69030','2011-05-26 16:16:02','2020-12-23 13:09:04'),(22,'Clint','Kris','halvorson.amber@example.net','192-552-5315x1060','1942-01-23 01:30:34','2020-11-24 14:12:08'),(23,'Levi','Legros','abshire.terry@example.net','209-937-5718x59755','2001-02-12 20:48:43','2020-12-23 13:09:04'),(24,'Colten','Smitham','rosenbaum.mabelle@example.org','(411)290-9559x8275','1975-04-24 02:23:39','1986-11-01 02:15:37'),(25,'Jacinthe','Smith','mortimer29@example.net','107-035-0064','1953-05-07 08:38:04','1983-09-05 22:29:13'),(26,'Tina','Reichel','ursula.kuvalis@example.net','1-102-052-6779x38869','1991-09-23 02:18:17','2020-12-23 13:09:04'),(27,'Skylar','Veum','aniya33@example.com','283.367.6763x5894','1932-09-14 15:26:05','1975-05-19 00:07:59'),(28,'Edythe','Ullrich','mmohr@example.com','02530252732','1959-05-27 01:36:43','2012-03-14 20:35:02'),(29,'Nash','Kassulke','jaden25@example.com','(043)196-4410x13644','1922-05-06 13:05:36','2008-12-12 00:30:25'),(30,'Leatha','Gislason','mark39@example.com','(971)948-2316x6714','1934-08-01 06:34:38','1974-03-26 15:22:57'),(31,'Juston','West','reichel.shemar@example.net','262.079.1856x6107','1966-03-21 00:50:58','1996-08-09 05:02:47'),(32,'Jessyca','Ruecker','nfisher@example.com','208-824-8715x466','1998-11-29 07:01:36','2020-12-23 13:09:04'),(33,'Retta','Vandervort','unique37@example.net','1-788-749-6146x246','1977-01-21 11:18:39','2013-01-26 03:54:34'),(34,'Eryn','Lockman','schulist.jefferey@example.com','05463563113','2017-03-22 13:59:59','2020-12-23 13:09:04'),(35,'Cory','Jacobi','npouros@example.com','1-109-997-6168x783','1961-01-01 08:48:52','2013-10-25 21:58:24'),(36,'Gregorio','Witting','kattie14@example.org','1-885-882-6074x1882','2001-03-05 14:05:15','2007-02-26 04:16:44'),(37,'Demond','Tromp','schowalter.noemi@example.org','818-369-6785','1995-10-18 08:45:22','2020-12-23 13:09:04'),(38,'Brielle','Kautzer','jodie58@example.com','(386)809-6922','2000-05-23 15:10:53','2020-12-23 13:09:04'),(39,'Erik','Lemke','adella54@example.org','(549)377-6470','1948-10-25 15:42:09','1993-06-22 09:31:47'),(40,'Theodore','Hoppe','jast.mozelle@example.org','08303959838','1941-03-27 07:26:47','1985-09-30 14:00:27'),(41,'Tristian','Emmerich','kassandra.murray@example.com','562-918-6235x7392','2001-12-06 18:57:40','2016-03-30 13:38:34'),(42,'Neal','Cummerata','vbernhard@example.org','641-228-7167','1924-01-24 05:33:58','1983-03-07 10:57:18'),(43,'Lulu','Pouros','arnoldo29@example.net','+30(6)1781395866','1972-09-26 22:53:50','2014-04-24 19:13:54'),(44,'Bennie','Gibson','frowe@example.net','(773)897-9504x79367','1994-06-13 19:44:12','2020-12-23 13:09:04'),(45,'Jay','Hintz','streich.albert@example.com','07722172772','1940-05-15 20:31:00','1981-09-23 04:05:23'),(46,'Dock','Cummings','cordia47@example.org','+30(4)4121880332','1986-08-03 02:43:47','2020-12-23 13:09:04'),(47,'Cicero','Koch','usteuber@example.org','(268)746-2909x07570','1996-09-29 03:30:48','2020-12-23 13:09:04'),(48,'Matteo','Welch','earnest.pollich@example.org','961-976-5180','1943-03-31 03:22:15','1988-08-12 13:10:41'),(49,'Tamara','Ziemann','awilkinson@example.com','381-931-4529x73930','1966-09-13 15:06:20','2011-03-02 10:25:36'),(50,'Carissa','Tillman','gerlach.taylor@example.net','428-022-6865','2010-06-27 15:18:29','2020-12-23 13:09:04'),(51,'Felton','Bergnaum','luettgen.levi@example.org','(283)615-2973','1987-02-15 22:56:04','2020-08-16 15:01:04'),(52,'Elisha','Ward','jfay@example.net','863-602-5478x872','1998-11-10 20:23:03','2019-07-21 02:49:38'),(53,'Sarai','Turcotte','stark.oceane@example.com','(635)301-7366','1929-08-12 00:53:48','1991-07-08 23:54:15'),(54,'Bo','Raynor','ike.tillman@example.org','1-489-942-8007x764','1977-11-30 13:08:58','2005-09-01 11:21:25'),(55,'Theron','McKenzie','charley.yost@example.org','334-837-7108x66249','1945-12-25 11:00:12','1980-03-31 08:25:02'),(56,'Cleta','Reinger','abshire.triston@example.net','367-801-3143x381','2006-05-19 05:00:15','2020-12-23 13:09:04'),(57,'Therese','Armstrong','hills.rhett@example.com','110-711-1971','1938-04-30 17:29:28','1975-04-18 05:17:36'),(58,'Michael','Hahn','sabryna73@example.org','(166)861-8300x951','1994-11-24 22:34:39','2020-12-23 13:09:04'),(59,'Elvis','Ward','gward@example.net','280.573.3150','1994-12-09 17:17:06','2020-12-23 13:09:04'),(60,'Reyes','Bechtelar','lauren.king@example.org','(389)808-6413','1974-04-02 22:02:29','1992-09-04 15:03:14'),(61,'Javon','Veum','lucinda.leuschke@example.com','934.640.9234x75717','1986-05-23 09:20:30','2020-12-23 13:09:04'),(62,'Titus','Murray','amanda.lakin@example.net','(553)224-9867','1988-06-04 05:01:24','1988-07-29 15:49:42'),(63,'Nash','Dickens','esta.langosh@example.org','(377)820-0636','1965-04-02 06:41:21','1970-05-03 06:24:52'),(64,'Destiney','VonRueden','jovanny.jenkins@example.org','1-614-233-4351','1979-09-20 22:58:40','2012-06-19 08:28:09'),(65,'Megane','Eichmann','dorcas74@example.com','(267)411-2352x6613','1963-09-21 15:06:49','2006-03-27 06:46:14'),(66,'Arlene','Dooley','moriah.labadie@example.org','03915139915','2001-12-26 13:20:23','2020-12-23 13:09:04'),(67,'Marian','Lockman','larry.ullrich@example.com','518.335.9386x976','1982-10-01 02:47:04','2020-12-23 13:09:04'),(68,'Rico','Wolff','gerry64@example.com','1-871-275-7827','1973-09-22 02:06:40','1978-04-29 17:13:23'),(69,'Dakota','Ondricka','elnora85@example.org','08899863123','1997-11-25 03:27:51','2000-04-07 14:35:14'),(70,'Lucio','Farrell','little.millie@example.org','123-651-6683x29840','1926-09-23 11:41:26','1982-10-27 04:06:51'),(71,'Herbert','Turcotte','isimonis@example.org','1-419-038-0298','1980-06-06 05:30:33','1982-11-22 14:38:06'),(72,'Ashlee','Muller','wade09@example.org','524.397.4580','1929-06-17 05:47:40','1999-03-05 16:35:01'),(73,'Duane','Wisozk','aaliyah89@example.net','773-567-4385','2008-10-25 22:35:41','2020-12-23 13:09:04'),(74,'Jerry','Braun','zane.kuphal@example.net','(338)179-6593','1997-09-26 10:49:24','2020-12-23 13:09:04'),(75,'Odie','Beahan','pklocko@example.net','998-703-0325x29231','1966-12-18 07:57:52','1972-12-07 01:02:32'),(76,'Glenna','Armstrong','demarcus.borer@example.net','(216)523-7502x0867','1933-02-03 02:07:57','1991-06-05 16:43:42'),(77,'Vern','Johnson','johns.kennith@example.com','015-045-5717x282','1960-01-30 09:48:48','1974-08-27 02:56:27'),(78,'Willow','Kirlin','monica21@example.com','706-693-3431','1939-05-24 07:53:53','1993-06-30 01:41:37'),(79,'Adeline','Hermiston','murazik.dana@example.net','1-060-295-0707x2354','1971-08-04 17:26:40','2017-10-31 04:02:58'),(80,'Walton','Baumbach','mercedes.rolfson@example.net','779-422-3589','1923-04-22 04:33:16','2017-11-28 07:09:05'),(81,'Santos','Abshire','jones.owen@example.net','1-545-013-2758x098','1942-09-20 17:55:44','1993-12-27 12:05:54'),(82,'Zola','Turcotte','gilbert65@example.org','567.772.3386','1972-09-07 13:28:10','2015-01-20 15:03:43'),(83,'Eldon','Langosh','toni.medhurst@example.net','(911)409-0687x318','2002-07-01 18:13:35','2020-12-23 13:09:04'),(84,'Domenick','Hagenes','grodriguez@example.org','(793)776-0490','1965-09-04 22:56:46','2000-12-25 15:28:36'),(85,'Elroy','Howell','monahan.karlie@example.org','1-102-488-4658','2016-02-08 17:33:32','2016-12-12 20:07:14'),(86,'Janessa','O\'Hara','erika31@example.org','1-525-992-9320','2009-10-30 02:28:13','2020-12-23 13:09:04'),(87,'Lizeth','Barton','joyce76@example.com','(456)004-2696x40694','2008-04-25 23:43:47','2015-08-24 21:09:20'),(88,'Leanne','Russel','lavina16@example.org','(928)598-9305','2019-04-11 02:26:57','2020-12-23 13:09:04'),(89,'Kaelyn','Dicki','aleen58@example.net','+99(1)6757207176','2012-11-21 13:42:59','2020-12-23 13:09:04'),(90,'Andreanne','Cassin','bartholome.kunze@example.net','1-146-257-2356','2006-07-27 15:30:52','2020-07-28 05:11:50'),(91,'Porter','Mohr','funk.teagan@example.com','052-715-9882x368','1943-05-06 15:07:51','2011-07-28 19:03:06'),(92,'Madyson','Kuvalis','kautzer.torrey@example.com','159-909-6466x197','1960-03-20 21:00:59','1977-05-10 05:56:45'),(93,'Kay','O\'Reilly','olen.wolff@example.net','(043)146-1666x2679','1930-02-15 13:45:47','1986-06-05 23:11:05'),(94,'Pasquale','Lueilwitz','monica70@example.net','(401)064-9657','1957-04-12 12:33:09','2008-06-08 09:04:15'),(95,'Rhiannon','Batz','alene45@example.net','1-240-435-3872x5549','1946-08-17 17:22:05','2006-08-24 20:23:42'),(96,'Halie','Ullrich','lulu42@example.org','1-681-610-6193','1979-06-04 19:05:48','1982-05-26 00:35:22'),(97,'Sabina','Nolan','chelsea20@example.com','+19(7)3649803792','1925-01-17 23:04:18','1985-08-19 23:40:54'),(98,'Gavin','Wilderman','hackett.reuben@example.net','1-423-099-3014x465','1991-12-13 03:47:56','1997-05-01 10:54:08'),(99,'Aisha','Swaniawski','langosh.palma@example.com','1-121-051-4455x713','1994-01-14 01:12:35','2020-12-23 13:09:04'),(100,'Lazaro','Harvey','joyce.predovic@example.org','07098805413','1987-10-19 22:01:52','1989-07-13 17:06:25');
/*!40000 ALTER TABLE `users` ENABLE KEYS */;
UNLOCK TABLES;
/*!40103 SET TIME_ZONE=@OLD_TIME_ZONE */;

/*!40101 SET SQL_MODE=@OLD_SQL_MODE */;
/*!40014 SET FOREIGN_KEY_CHECKS=@OLD_FOREIGN_KEY_CHECKS */;
/*!40014 SET UNIQUE_CHECKS=@OLD_UNIQUE_CHECKS */;
/*!40101 SET CHARACTER_SET_CLIENT=@OLD_CHARACTER_SET_CLIENT */;
/*!40101 SET CHARACTER_SET_RESULTS=@OLD_CHARACTER_SET_RESULTS */;
/*!40101 SET COLLATION_CONNECTION=@OLD_COLLATION_CONNECTION */;
/*!40111 SET SQL_NOTES=@OLD_SQL_NOTES */;

-- Dump completed on 2020-12-25 16:44:01
